County Code,County,CO 2nd Max 1-hr,CO 2nd Max 8-hr,NO2 98th Percentile 1-hr,NO2 Mean 1-hr,Ozone 2nd Max 1-hr,Ozone 4th Max 8-hr,SO2 99th Percentile 1-hr,SO2 2nd Max 24-hr,SO2 Mean 1-hr,PM2.5 98th Percentile 24-hr,PM2.5 Weighted Mean 24-hr,PM10 2nd Max 24-hr,PM10 Mean 24-hr,Lead Max 3-Mo Avg,,cofips
1003,"Baldwin County, AL",.,.,.,.,0.07,0.062,.,.,.,14,7.2,.,.,.,,01003
1027,"Clay County, AL",.,.,.,.,.,.,.,.,.,13,7.4,.,.,.,,01027
1033,"Colbert County, AL",.,.,.,.,0.07,0.061,.,.,.,16,7.5,.,.,.,,01033
1049,"DeKalb County, AL",.,.,.,.,0.07,0.064,.,.,.,13,7.7,.,.,.,,01049
1055,"Etowah County, AL",.,.,.,.,0.07,0.064,.,.,.,14,8.2,.,.,.,,01055
1069,"Houston County, AL",.,.,.,.,0.07,0.059,.,.,.,13,7.1,.,.,.,,01069
1073,"Jefferson County, AL",2.6,1.5,53,14,0.09,0.07,11,3,2,22,10.8,66,24,.,,01073
1089,"Madison County, AL",.,.,.,.,0.07,0.066,.,.,.,13,7.8,68,20,.,,01089
1097,"Mobile County, AL",.,.,.,.,0.08,0.063,13,3,1,16,8.1,.,.,.,,01097
1101,"Montgomery County, AL",.,.,.,.,0.08,0.063,.,.,.,17,8.7,.,.,.,,01101
1103,"Morgan County, AL",.,.,.,.,0.08,0.067,.,.,.,13,7.4,.,.,.,,01103
1109,"Pike County, AL",.,.,.,.,.,.,.,.,.,.,.,.,.,0.09,,01109
1113,"Russell County, AL",.,.,.,.,0.08,0.066,.,.,.,.,.,.,.,.,,01113
1117,"Shelby County, AL",.,.,.,.,0.09,0.073,.,.,.,.,.,.,.,.,,01117
1119,"Sumter County, AL",.,.,.,.,0.07,0.058,.,.,.,.,.,.,.,.,,01119
1121,"Talladega County, AL",.,.,.,.,.,.,.,.,.,14,8.6,.,.,.,,01121
1125,"Tuscaloosa County, AL",.,.,.,.,0.08,0.061,.,.,.,.,.,.,.,.,,01125
2020,"Anchorage Borough, AK",4,3,.,.,.,.,.,.,.,16,6.5,115,28,.,,02020
2068,"Denali Borough, AK",.,.,.,.,0.05,0.048,.,.,.,.,.,.,.,.,,02068
2090,"Fairbanks North Star Borough, AK",3.2,2,.,13,0.05,0.036,35,22,6,67,13.7,69,20,.,,02090
2110,"Juneau Borough, AK",.,.,.,.,.,.,.,.,.,19,5.8,32,9,.,,02110
2170,"Matanuska-Susitna Borough, AK",.,.,.,.,0.05,0.044,.,.,.,29,5.8,112,14,.,,02170
4001,"Apache County, AZ",.,.,.,.,.,.,.,.,.,.,.,55,15,.,,04001
4003,"Cochise County, AZ",.,.,.,.,0.07,0.064,.,.,.,.,.,51,15,.,,04003
4005,"Coconino County, AZ",.,.,.,.,0.07,0.064,.,.,.,.,.,.,.,.,,04005
4007,"Gila County, AZ",.,.,.,.,0.08,0.07,359,55,10,.,.,113,34,0.31,,04007
4012,"La Paz County, AZ",0.4,0.3,.,.,0.07,0.067,.,.,.,10,2.4,84,13,.,,04012
4013,"Maricopa County, AZ",3.9,2.4,63,31,0.09,0.075,7,3,1,146,12.9,211,47,0.05,,04013
4015,"Mohave County, AZ",.,.,.,.,.,.,.,.,.,.,.,110,22,.,,04015
4017,"Navajo County, AZ",.,.,.,.,0.07,0.063,.,.,.,.,.,45,18,.,,04017
4019,"Pima County, AZ",1.8,1.2,34,8,0.08,0.069,1,0,0,18,5.7,165,45,.,,04019
4021,"Pinal County, AZ",.,.,.,.,0.09,0.072,.,.,.,40,14,357,83,.,,04021
4023,"Santa Cruz County, AZ",.,.,.,.,.,.,.,.,.,26,9.9,102,38,.,,04023
4025,"Yavapai County, AZ",.,.,.,.,0.07,0.064,.,.,.,.,.,.,.,.,,04025
4027,"Yuma County, AZ",.,.,.,.,0.08,0.067,.,.,.,23,8.3,224,48,.,,04027
5001,"Arkansas County, AR",.,.,.,.,.,.,.,.,.,18,8.4,.,.,.,,05001
5003,"Ashley County, AR",.,.,.,.,.,.,.,.,.,20,8.3,.,.,.,,05003
5019,"Clark County, AR",.,.,.,.,0.07,0.055,.,.,.,.,.,.,.,.,,05019
5035,"Crittenden County, AR",.,.,38,7,0.09,0.07,.,.,.,17,8.4,.,.,.,,05035
5051,"Garland County, AR",.,.,.,.,.,.,.,.,.,20,9.9,.,.,.,,05051
5067,"Jackson County, AR",.,.,.,.,.,.,.,.,.,24,8.3,.,.,.,,05067
5101,"Newton County, AR",.,.,.,.,0.07,0.056,.,.,.,.,.,.,.,.,,05101
5113,"Polk County, AR",.,.,.,.,0.07,0.06,.,.,.,20,8.3,.,.,.,,05113
5119,"Pulaski County, AR",1.1,0.8,41,8,0.08,0.065,7,2,1,21,10.7,44,20,.,,05119
5139,"Union County, AR",.,.,.,.,.,.,26,5,1,18,9,.,.,.,,05139
5143,"Washington County, AR",.,.,.,.,0.07,0.058,.,.,.,18,8.1,.,.,.,,05143
6001,"Alameda County, CA",2.5,2,47,17,0.11,0.082,13,3,1,19,8.7,.,.,.,,06001
6005,"Amador County, CA",.,.,.,.,0.08,0.071,.,.,.,.,.,.,.,.,,06005
6007,"Butte County, CA",1.7,1.3,29,6,0.09,0.077,.,.,.,21,7.7,56,20,.,,06007
6009,"Calaveras County, CA",.,.,.,.,0.09,0.077,.,.,.,20,8.1,27,11,.,,06009
6011,"Colusa County, CA",.,.,.,.,0.07,0.065,.,.,.,15,6.3,.,.,.,,06011
6013,"Contra Costa County, CA",1.7,0.9,34,8,0.09,0.069,13,5,2,16,8.1,29,14,.,,06013
6017,"El Dorado County, CA",.,.,.,.,0.11,0.093,.,.,.,.,.,38,14,.,,06017
6019,"Fresno County, CA",2,1.7,48,21,0.12,0.093,6,2,0,48,13.6,90,38,0.01,,06019
6021,"Glenn County, CA",.,.,.,.,0.07,0.061,.,.,.,.,.,74,19,.,,06021
6023,"Humboldt County, CA",1.2,0.9,20,3,0.05,0.049,1,1,0,16,6.1,42,15,.,,06023
6025,"Imperial County, CA",4.7,3.1,60,11,0.1,0.074,7,3,1,34,12.5,465,59,.,,06025
6027,"Inyo County, CA",0.2,0.2,.,.,0.09,0.072,.,.,0,25,6.6,326,23,.,,06027
6029,"Kern County, CA",1.8,0.9,50,12,0.11,0.088,.,.,.,55,16,98,47,.,,06029
6031,"Kings County, CA",.,.,41,9,0.1,0.083,.,.,.,46,15.5,151,51,.,,06031
6033,"Lake County, CA",.,.,.,.,0.07,0.057,.,.,.,9,3,20,8,.,,06033
6037,"Los Angeles County, CA",4.3,3.6,77,24,0.14,0.1,12,4,1,39,14.7,127,34,0.03,,06037
6039,"Madera County, CA",4.6,1.4,27,6,0.1,0.084,.,.,.,36,12,100,30,.,,06039
6041,"Marin County, CA",1.3,0.9,36,9,0.07,0.056,.,.,.,14,6.4,21,13,.,,06041
6043,"Mariposa County, CA",.,.,.,.,0.09,0.077,.,.,.,.,.,57,19,.,,06043
6045,"Mendocino County, CA",.,.,.,.,0.06,0.048,.,.,.,16,6.4,41,12,.,,06045
6047,"Merced County, CA",.,.,32,7,0.1,0.082,.,.,.,35,11.9,62,28,.,,06047
6051,"Mono County, CA",.,.,.,.,.,.,.,.,.,.,.,4054,125,.,,06051
6053,"Monterey County, CA",2.7,0.9,24,4,0.08,0.058,.,.,.,57,6.8,70,25,.,,06053
6055,"Napa County, CA",1.9,1.3,33,7,0.08,0.058,.,.,.,22,8.5,.,.,.,,06055
6057,"Nevada County, CA",.,.,.,.,0.1,0.086,.,.,.,17,6.2,.,.,.,,06057
6059,"Orange County, CA",3.3,2.1,60,23,0.1,0.079,2,1,0,28,12.9,64,27,.,,06059
6061,"Placer County, CA",.,.,.,8,0.11,0.084,.,.,.,21,7.7,38,15,.,,06061
6063,"Plumas County, CA",.,.,.,.,.,.,.,.,.,46,13.9,.,.,.,,06063
6065,"Riverside County, CA",2.9,1.4,52,15,0.12,0.097,2,1,0,36,14.1,449,58,0.01,,06065
6067,"Sacramento County, CA",2.3,1.7,43,13,0.11,0.088,9,9,3,28,8.7,46,18,.,,06067
6069,"San Benito County, CA",.,.,.,.,0.09,0.072,.,.,.,13,4.3,43,16,.,,06069
6071,"San Bernardino County, CA",6.5,1.6,74,31,0.16,0.116,6,2,1,36,16.2,219,39,0.06,,06071
6073,"San Diego County, CA",2.1,1.5,53,17,0.1,0.084,.,.,.,18,8.7,66,31,0.01,,06073
6075,"San Francisco County, CA",1.6,1,51,11,0.07,0.046,.,.,.,17,7.5,27,16,.,,06075
6077,"San Joaquin County, CA",1.7,1.2,45,12,0.11,0.08,.,.,.,33,13.6,66,25,.,,06077
6079,"San Luis Obispo County, CA",.,.,26,4,0.1,0.074,2,2,0,24,8.2,143,34,.,,06079
6081,"San Mateo County, CA",2.2,1.1,40,9,0.07,0.056,.,.,.,17,8.3,.,.,0.03,,06081
6083,"Santa Barbara County, CA",10.9,5.7,37,8,0.08,0.064,3,2,1,16,7,266,24,.,,06083
6085,"Santa Clara County, CA",2.4,1.6,46,16,0.09,0.068,2,1,0,19,9.1,35,17,0.08,,06085
6087,"Santa Cruz County, CA",.,.,.,.,0.06,0.052,.,.,.,13,5.3,.,.,.,,06087
6089,"Shasta County, CA",.,.,.,.,0.09,0.076,.,.,.,13,5.2,37,16,.,,06089
6093,"Siskiyou County, CA",.,.,.,.,0.07,0.055,.,.,.,12,4.9,.,.,.,,06093
6095,"Solano County, CA",2.1,1.8,36,7,0.09,0.067,5,2,1,19,8.5,23,11,.,,06095
6097,"Sonoma County, CA",1.3,1,25,4,0.07,0.055,.,.,.,13,4.6,42,13,.,,06097
6099,"Stanislaus County, CA",1.8,1.4,42,9,0.1,0.085,.,.,.,39,12.6,57,29,.,,06099
6101,"Sutter County, CA",0.3,0.2,.,.,0.1,0.08,.,.,.,22,8.1,48,19,.,,06101
6103,"Tehama County, CA",.,.,.,.,0.1,0.087,.,.,.,.,.,49,16,.,,06103
6107,"Tulare County, CA",.,.,.,9,0.11,0.092,.,.,.,41,14.7,120,42,.,,06107
6109,"Tuolumne County, CA",.,.,.,.,0.1,0.088,.,.,.,.,.,.,.,.,,06109
6111,"Ventura County, CA",.,.,35,8,0.09,0.077,.,.,.,19,9.6,71,25,.,,06111
6113,"Yolo County, CA",.,.,.,6,0.09,0.071,.,.,.,13,6.4,53,19,.,,06113
8001,"Adams County, CO",2.1,1.5,60,16,0.08,0.066,20,6,1,.,.,89,35,.,,08001
8003,"Alamosa County, CO",.,.,.,.,.,.,.,.,.,.,.,182,22,.,,08003
8005,"Arapahoe County, CO",.,.,.,.,0.09,0.072,.,.,.,12,5.5,.,.,.,,08005
8007,"Archuleta County, CO",.,.,.,.,.,.,.,.,.,.,.,105,20,.,,08007
8013,"Boulder County, CO",.,.,.,.,.,.,.,.,.,26,6.9,44,22,.,,08013
8029,"Delta County, CO",.,.,.,.,.,.,.,.,.,.,.,73,21,.,,08029
8031,"Denver County, CO",3.2,2.1,77,29,0.08,0.07,12,5,1,26,9.5,74,29,.,,08031
8035,"Douglas County, CO",.,.,.,.,0.1,0.078,.,.,.,11,4.8,.,.,.,,08035
8041,"El Paso County, CO",2.6,1.3,.,.,0.08,0.069,45,14,3,.,.,35,19,.,,08041
8045,"Garfield County, CO",.,.,.,4,0.07,0.067,.,.,.,.,.,35,16,.,,08045
8051,"Gunnison County, CO",.,.,.,.,0.07,0.062,.,.,.,.,.,72,21,.,,08051
8059,"Jefferson County, CO",.,.,.,.,0.1,0.083,.,.,.,.,.,.,.,.,,08059
8067,"La Plata County, CO",4.7,1.2,23,5,0.08,0.072,.,.,.,.,.,.,.,.,,08067
8069,"Larimer County, CO",2.1,1.3,.,.,0.09,0.076,.,.,.,18,6.8,50,22,.,,08069
8077,"Mesa County, CO",1.8,1,.,.,0.07,0.064,.,.,.,21,6.4,35,15,.,,08077
8081,"Moffat County, CO",.,.,.,.,0.07,0.059,.,.,.,.,.,.,.,.,,08081
8083,"Montezuma County, CO",.,.,.,.,0.08,0.066,.,.,.,.,.,.,.,.,,08083
8085,"Montrose County, CO",.,.,.,.,0.07,0.062,.,.,.,.,.,.,.,.,,08085
8093,"Park County, CO",.,.,5,0,0.08,0.068,.,.,.,7,2.5,18,5,.,,08093
8097,"Pitkin County, CO",.,.,.,.,.,.,.,.,.,.,.,38,15,.,,08097
8099,"Prowers County, CO",.,.,.,.,.,.,.,.,.,.,.,95,21,.,,08099
8101,"Pueblo County, CO",.,.,.,.,.,.,.,.,.,10,4.8,64,21,.,,08101
8103,"Rio Blanco County, CO",.,.,14,1,0.07,0.061,.,.,.,12,7.6,.,.,.,,08103
8107,"Routt County, CO",.,.,.,.,.,.,.,.,.,.,.,73,18,.,,08107
8113,"San Miguel County, CO",.,.,.,.,0.08,0.068,.,.,.,.,.,78,18,.,,08113
8123,"Weld County, CO",1.2,0.9,.,.,0.09,0.067,.,.,.,33,7.3,51,22,.,,08123
9001,"Fairfield County, CT",2.5,1.5,.,.,0.12,0.087,3,2,0,23,9.4,30,14,.,,09001
9003,"Hartford County, CT",2.2,1.5,54,16,0.11,0.075,2,2,0,20,7.5,46,16,.,,09003
9005,"Litchfield County, CT",3.4,0.7,.,.,0.09,0.078,2,1,0,15,5.3,30,8,.,,09005
9007,"Middlesex County, CT",.,.,.,.,0.11,0.08,.,.,.,.,.,.,.,.,,09007
9009,"New Haven County, CT",2,1.2,53,14,0.11,0.08,4,2,0,20,7.4,35,13,.,,09009
9011,"New London County, CT",.,.,.,.,0.09,0.075,.,.,.,15,5.9,.,.,.,,09011
9013,"Tolland County, CT",.,.,.,.,0.09,0.072,.,.,.,.,.,.,.,.,,09013
9015,"Windham County, CT",.,.,.,.,0.09,0.074,.,.,.,.,.,.,.,.,,09015
10001,"Kent County, DE",.,.,.,.,0.08,0.068,.,.,.,.,.,.,.,.,,10001
10003,"New Castle County, DE",1.5,1.2,.,12,0.09,0.078,14,4,1,23,8.9,.,.,.,,10003
10005,"Sussex County, DE",.,.,.,.,0.08,0.07,2,1,0,.,.,.,.,.,,10005
11001,District of Columbia,2.7,2.3,59,18,0.08,0.072,8,4,1,.,.,41,17,0.01,,11001
12001,"Alachua County, FL",.,.,.,.,0.07,0.06,.,.,.,15,6,.,.,.,,12001
12003,"Baker County, FL",.,.,.,.,0.07,0.061,.,.,.,.,.,.,.,.,,12003
12005,"Bay County, FL",.,.,.,.,0.08,0.062,.,.,.,.,.,.,.,.,,12005
12009,"Brevard County, FL",.,.,.,.,0.07,0.061,.,.,.,10,5.2,38,13,.,,12009
12011,"Broward County, FL",2.4,1.5,43,5,0.07,0.061,1,0,0,16,6.4,41,13,.,,12011
12017,"Citrus County, FL",.,.,.,.,.,.,47,8,1,12,5.7,.,.,.,,12017
12021,"Collier County, FL",.,.,.,.,0.07,0.058,.,.,.,.,.,.,.,.,,12021
12023,"Columbia County, FL",.,.,.,.,0.07,0.061,.,.,.,.,.,.,.,.,,12023
12031,"Duval County, FL",2.7,1.9,.,.,0.08,0.064,18,4,0,17,7.9,.,.,.,,12031
12033,"Escambia County, FL",.,.,.,.,0.08,0.063,.,.,1,13,7.1,.,.,.,,12033
12035,"Flagler County, FL",.,.,.,.,0.07,0.059,.,.,.,.,.,.,.,.,,12035
12055,"Highlands County, FL",.,.,.,.,0.08,0.063,.,.,.,.,.,.,.,.,,12055
12057,"Hillsborough County, FL",1.4,0.8,.,10,0.09,0.07,69,14,1,17,7.7,42,20,0.09,,12057
12059,"Holmes County, FL",.,.,.,.,0.07,0.06,.,.,.,.,.,.,.,.,,12059
12061,"Indian River County, FL",.,.,.,.,0.07,0.062,.,.,.,.,.,.,.,.,,12061
12069,"Lake County, FL",.,.,.,.,0.08,0.064,.,.,.,.,.,.,.,.,,12069
12071,"Lee County, FL",.,.,.,.,0.07,0.06,.,.,.,12,6,35,14,.,,12071
12073,"Leon County, FL",.,.,.,.,0.07,0.061,.,.,.,18,7.2,.,.,.,,12073
12077,"Liberty County, FL",.,.,.,.,0.06,0.056,.,.,.,.,.,.,.,.,,12077
12081,"Manatee County, FL",.,.,.,.,0.07,0.06,8,3,1,.,.,.,.,.,,12081
12083,"Marion County, FL",.,.,.,.,0.07,0.062,.,.,.,.,.,.,.,.,,12083
12085,"Martin County, FL",.,.,.,.,0.07,0.062,.,.,.,.,.,.,.,.,,12085
12086,"Miami-Dade County, FL",1.7,1,42,8,0.08,0.062,0,0,0,16,8.1,41,24,.,,12086
12091,"Okaloosa County, FL",.,.,.,.,0.07,0.06,.,.,.,.,.,35,14,.,,12091
12095,"Orange County, FL",1.9,1.2,29,4,0.08,0.066,2,1,0,.,.,29,12,.,,12095
12097,"Osceola County, FL",.,.,.,.,0.08,0.064,.,.,.,.,.,.,.,.,,12097
12099,"Palm Beach County, FL",.,.,.,.,0.07,0.06,.,.,.,16,6.2,197,32,.,,12099
12101,"Pasco County, FL",.,.,.,.,0.08,0.063,.,.,.,.,.,.,.,.,,12101
12103,"Pinellas County, FL",1.4,0.9,31,4,0.08,0.063,8,3,1,16,7,32,18,.,,12103
12105,"Polk County, FL",.,.,.,.,0.08,0.064,21,4,0,14,6,32,14,.,,12105
12107,"Putnam County, FL",.,.,.,.,.,.,12,3,1,.,.,47,16,.,,12107
12111,"St. Lucie County, FL",.,.,.,.,0.07,0.063,.,.,.,.,.,.,.,.,,12111
12113,"Santa Rosa County, FL",.,.,.,.,0.07,0.061,.,.,.,.,.,.,.,.,,12113
12115,"Sarasota County, FL",.,.,15,2,0.07,0.062,.,.,.,15,6.4,32,16,.,,12115
12117,"Seminole County, FL",.,.,.,.,0.07,0.063,.,.,.,15,6.2,33,13,.,,12117
12127,"Volusia County, FL",.,.,.,.,0.07,0.06,.,.,.,11,5.6,39,14,.,,12127
12129,"Wakulla County, FL",2,0.8,.,.,0.07,0.06,.,.,.,.,.,.,.,.,,12129
13021,"Bibb County, GA",.,.,.,.,0.09,0.07,6,2,1,24,10.3,.,.,.,,13021
13051,"Chatham County, GA",.,.,.,.,0.07,0.058,40,12,2,25,8.3,.,.,.,,13051
13055,"Chattooga County, GA",.,.,.,.,0.07,0.065,.,.,.,.,.,.,.,.,,13055
13059,"Clarke County, GA",.,.,.,.,0.08,0.069,.,.,.,15,8.3,.,.,.,,13059
13063,"Clayton County, GA",.,.,.,.,.,.,.,.,.,17,9.3,.,.,.,,13063
13067,"Cobb County, GA",.,.,.,.,0.09,0.07,.,.,.,18,9.3,.,.,.,,13067
13073,"Columbia County, GA",.,.,.,.,0.07,0.062,.,.,.,.,.,.,.,.,,13073
13077,"Coweta County, GA",.,.,.,.,0.08,0.066,.,.,.,.,.,.,.,.,,13077
13085,"Dawson County, GA",.,.,.,.,0.08,0.067,.,.,.,.,.,.,.,.,,13085
13089,"DeKalb County, GA",1.5,1.2,49,17,0.1,0.074,3,1,0,18,10.3,43,17,.,,13089
13095,"Dougherty County, GA",.,.,.,.,.,.,.,.,.,28,8.7,.,.,.,,13095
13097,"Douglas County, GA",.,.,.,.,0.09,0.071,.,.,.,.,.,.,.,.,,13097
13115,"Floyd County, GA",.,.,.,.,.,.,49,8,2,18,9.4,.,.,.,,13115
13121,"Fulton County, GA",2.7,2.2,54,20,0.1,0.075,6,3,1,24,10.8,29,16,.,,13121
13127,"Glynn County, GA",.,.,.,.,0.07,0.057,.,.,.,34,7.9,.,.,.,,13127
13135,"Gwinnett County, GA",.,.,.,.,0.09,0.078,.,.,.,18,8.5,.,.,.,,13135
13139,"Hall County, GA",.,.,.,.,.,.,.,.,.,23,8.5,.,.,.,,13139
13151,"Henry County, GA",.,.,.,.,0.1,0.078,.,.,.,.,.,.,.,.,,13151
13153,"Houston County, GA",.,.,.,.,.,.,.,.,.,19,7.9,.,.,.,,13153
13185,"Lowndes County, GA",.,.,.,.,.,.,.,.,.,17,7.3,.,.,.,,13185
13213,"Murray County, GA",.,.,.,.,0.07,0.067,.,.,.,.,.,.,.,.,,13213
13215,"Muscogee County, GA",.,.,.,.,0.08,0.065,.,.,.,34,9.6,.,.,0.36,,13215
13223,"Paulding County, GA",.,.,.,.,0.08,0.067,.,.,.,14,7.3,.,.,.,,13223
13231,"Pike County, GA",.,.,.,.,0.08,0.071,.,.,.,.,.,.,.,.,,13231
13245,"Richmond County, GA",.,.,.,.,0.08,0.065,58,10,2,30,9.6,35,15,.,,13245
13247,"Rockdale County, GA",.,.,.,.,0.1,0.076,.,.,.,.,.,.,.,.,,13247
13261,"Sumter County, GA",.,.,.,.,0.07,0.065,.,.,.,.,.,.,.,.,,13261
13295,"Walker County, GA",.,.,.,.,.,.,.,.,.,17,9.2,.,.,.,,13295
13303,"Washington County, GA",.,.,.,.,.,.,.,.,.,25,8.1,.,.,.,,13303
13319,"Wilkinson County, GA",.,.,.,.,.,.,.,.,.,20,9.5,.,.,.,,13319
15001,"Hawaii County, HI",.,.,.,.,.,.,1397,350,35,31,14.6,.,.,.,,15001
15003,"Honolulu County, HI",1.5,1.2,.,4,0.05,0.048,8,3,1,13,4,39,20,0,,15003
15007,"Kauai County, HI",.,.,.,.,.,.,.,.,.,9,3.5,.,.,.,,15007
15009,"Maui County, HI",.,.,.,.,.,.,.,.,.,12,4.5,.,.,.,,15009
16001,"Ada County, ID",6,2.5,41,10,0.09,0.072,4,2,1,21,6.5,72,21,.,,16001
16005,"Bannock County, ID",.,.,.,.,.,.,33,14,3,21,7.1,74,20,.,,16005
16009,"Benewah County, ID",.,.,.,.,.,.,.,.,.,26,8.1,.,.,.,,16009
16017,"Bonner County, ID",.,.,.,.,.,.,.,.,.,.,.,39,12,.,,16017
16023,"Butte County, ID",.,.,.,.,0.07,0.058,.,.,.,.,.,.,.,.,,16023
16027,"Canyon County, ID",.,.,.,.,.,.,.,.,.,21,8.4,60,17,.,,16027
16029,"Caribou County, ID",.,.,.,.,.,.,32,8,1,.,.,.,.,.,,16029
16059,"Lemhi County, ID",.,.,.,.,.,.,.,.,.,39,11.6,.,.,.,,16059
16079,"Shoshone County, ID",.,.,.,.,.,.,.,.,.,29,9.3,45,12,.,,16079
17001,"Adams County, IL",.,.,.,.,0.07,0.061,.,.,.,.,.,.,.,.,,17001
17019,"Champaign County, IL",0.3,0.3,.,.,0.07,0.066,4,1,0,17,7.6,.,.,.,,17019
17023,"Clark County, IL",.,.,.,.,0.08,0.066,.,.,.,.,.,.,.,.,,17023
17031,"Cook County, IL",1.2,0.7,61,17,0.09,0.079,12,3,1,20,9.9,86,27,0.01,,17031
17043,"DuPage County, IL",.,.,.,.,0.09,0.074,.,.,.,15,7.8,.,.,.,,17043
17049,"Effingham County, IL",.,.,.,.,0.07,0.066,.,.,.,.,.,.,.,.,,17049
17065,"Hamilton County, IL",.,.,.,.,0.08,0.068,.,.,.,.,.,.,.,.,,17065
17083,"Jersey County, IL",.,.,.,.,0.09,0.074,.,.,.,.,.,.,.,.,,17083
17085,"Jo Daviess County, IL",.,.,.,.,0.07,0.067,.,.,.,.,.,.,.,.,,17085
17089,"Kane County, IL",.,.,.,.,0.09,0.074,.,.,.,17,8,.,.,0.05,,17089
17097,"Lake County, IL",.,.,.,.,0.09,0.077,.,.,.,.,.,.,.,.,,17097
17099,"La Salle County, IL",.,.,.,.,.,.,15,5,1,.,.,.,.,.,,17099
17111,"McHenry County, IL",.,.,.,.,0.09,0.073,.,.,.,.,.,.,.,.,,17111
17113,"McLean County, IL",.,.,.,.,0.07,0.065,.,.,.,.,.,.,.,.,,17113
17115,"Macon County, IL",.,.,.,.,0.07,0.066,54,25,3,15,7.8,.,.,0.04,,17115
17117,"Macoupin County, IL",.,.,.,.,0.08,0.067,5,2,0,.,.,.,.,.,,17117
17119,"Madison County, IL",.,.,.,.,0.09,0.075,24,7,2,25,9.6,51,28,0.02,,17119
17143,"Peoria County, IL",.,.,.,.,0.08,0.068,27,6,2,14,7.6,.,.,.,,17143
17157,"Randolph County, IL",.,.,.,.,0.07,0.066,.,.,.,.,.,.,.,.,,17157
17161,"Rock Island County, IL",.,.,.,.,0.07,0.064,.,.,.,18,7.2,.,.,.,,17161
17163,"Saint Clair County, IL",1.3,1,35,9,0.09,0.073,19,5,1,18,10,.,.,.,,17163
17167,"Sangamon County, IL",.,.,.,.,0.08,0.068,.,.,.,19,7.7,.,.,.,,17167
17185,"Wabash County, IL",.,.,.,.,.,.,42,8,2,.,.,.,.,.,,17185
17197,"Will County, IL",.,.,.,.,0.07,0.064,.,.,.,.,.,.,.,.,,17197
17201,"Winnebago County, IL",.,.,.,.,0.08,0.07,.,.,.,15,7.8,.,.,.,,17201
18003,"Allen County, IN",.,.,.,.,0.08,0.069,.,.,.,20,8.8,.,.,.,,18003
18005,"Bartholomew County, IN",.,.,.,4,0.08,0.071,5,2,1,18,8.2,.,.,.,,18005
18011,"Boone County, IN",.,.,.,.,0.08,0.07,.,.,.,.,.,.,.,.,,18011
18013,"Brown County, IN",.,.,.,.,0.07,.,.,.,.,.,.,.,.,.,,18013
18015,"Carroll County, IN",.,.,.,.,0.07,0.066,.,.,.,.,.,.,.,.,,18015
18019,"Clark County, IN",.,.,.,.,0.1,0.072,.,.,.,20,9.3,36,17,.,,18019
18027,"Daviess County, IN",.,.,.,.,.,.,22,6,2,.,.,.,.,.,,18027
18035,"Delaware County, IN",.,.,.,.,0.07,0.067,.,.,.,17,7.7,.,.,0.11,,18035
18037,"Dubois County, IN",.,.,.,.,.,.,.,.,.,19,8.7,35,15,.,,18037
18039,"Elkhart County, IN",.,.,.,.,0.08,0.072,.,.,.,23,9.2,.,.,.,,18039
18043,"Floyd County, IN",.,.,.,.,0.09,0.073,11,4,2,17,8.7,.,.,.,,18043
18051,"Gibson County, IN",.,.,.,.,.,.,71,12,2,.,.,.,.,.,,18051
18055,"Greene County, IN",.,.,.,.,0.08,0.069,.,.,.,20,7.8,.,.,.,,18055
18057,"Hamilton County, IN",.,.,.,.,0.08,0.069,.,.,.,19,8.8,.,.,.,,18057
18063,"Hendricks County, IN",.,.,.,.,0.08,0.068,.,.,.,.,.,.,.,.,,18063
18065,"Henry County, IN",.,.,.,.,.,.,.,.,.,15,7.3,.,.,.,,18065
18067,"Howard County, IN",.,.,.,.,.,.,.,.,.,20,9.4,.,.,.,,18067
18069,"Huntington County, IN",.,.,.,.,0.08,0.066,.,.,.,.,.,.,.,.,,18069
18071,"Jackson County, IN",.,.,.,.,0.08,0.07,.,.,.,.,.,.,.,.,,18071
18081,"Johnson County, IN",.,.,.,.,0.07,0.062,.,.,.,.,.,.,.,.,,18081
18083,"Knox County, IN",.,.,.,.,0.08,0.071,.,.,.,.,.,.,.,.,,18083
18089,"Lake County, IN",2.3,1.1,42,8,0.09,0.07,29,10,1,21,9.5,92,21,0.02,,18089
18091,"LaPorte County, IN",.,.,.,.,0.08,0.068,.,.,.,17,7.7,.,.,.,,18091
18095,"Madison County, IN",.,.,.,.,0.07,0.064,.,.,.,18,7.7,.,.,.,,18095
18097,"Marion County, IN",5.7,2.5,.,13,0.08,0.073,15,4,0,23,10.4,85,27,0.01,,18097
18105,"Monroe County, IN",.,.,.,.,.,.,.,.,.,16,7.6,.,.,.,,18105
18109,"Morgan County, IN",.,.,.,.,0.07,0.065,23,8,2,.,.,.,.,.,,18109
18123,"Perry County, IN",.,.,.,.,0.08,0.069,.,.,.,.,.,.,.,.,,18123
18125,"Pike County, IN",.,.,.,.,.,.,26,7,2,.,.,.,.,.,,18125
18127,"Porter County, IN",.,.,.,.,0.08,0.071,31,11,2,19,8,131,20,0.01,,18127
18129,"Posey County, IN",.,.,.,.,0.08,0.068,.,.,.,.,.,.,.,.,,18129
18141,"St. Joseph County, IN",.,.,34,9,0.08,0.072,.,.,.,21,9.8,.,.,.,,18141
18145,"Shelby County, IN",.,.,.,.,0.07,0.065,.,.,.,.,.,.,.,.,,18145
18147,"Spencer County, IN",.,.,.,.,.,.,.,.,.,18,8.5,.,.,.,,18147
18157,"Tippecanoe County, IN",.,.,.,.,.,.,.,.,.,18,7.7,.,.,.,,18157
18163,"Vanderburgh County, IN",1.4,0.9,.,8,0.09,0.072,11,4,1,19,9.1,30,15,.,,18163
18167,"Vigo County, IN",.,.,.,.,0.08,0.069,120,23,2,22,9.4,29,15,.,,18167
18169,"Wabash County, IN",.,.,.,.,0.08,0.071,.,.,.,.,.,.,.,.,,18169
18173,"Warrick County, IN",.,.,.,.,0.09,0.072,.,.,.,.,.,.,.,.,,18173
18177,"Wayne County, IN",.,.,.,.,.,.,34,10,2,.,.,.,.,.,,18177
18183,"Whitley County, IN",.,.,20,4,.,.,.,.,.,19,7.7,.,.,.,,18183
19013,"Black Hawk County, IA",.,.,.,.,.,.,.,.,.,20,7.5,40,18,.,,19013
19017,"Bremer County, IA",.,.,.,.,0.07,0.063,.,.,.,.,.,.,.,.,,19017
19033,"Cerro Gordo County, IA",.,.,.,.,.,.,.,.,.,.,.,58,18,.,,19033
19045,"Clinton County, IA",.,.,.,.,0.07,0.063,31,20,1,19,8.3,.,.,.,,19045
19055,"Delaware County, IA",.,.,.,.,.,.,.,.,.,17,7.4,.,.,.,,19055
19085,"Harrison County, IA",.,.,.,.,0.07,0.063,.,.,.,.,.,.,.,.,,19085
19103,"Johnson County, IA",.,.,.,.,.,.,.,.,.,17,7.4,38,17,.,,19103
19111,"Lee County, IA",.,.,.,.,.,.,.,.,.,18,8.4,.,.,.,,19111
19113,"Linn County, IA",1.3,0.9,.,.,0.07,0.064,54,17,1,19,7.8,48,20,.,,19113
19137,"Montgomery County, IA",.,.,.,.,0.07,0.062,.,.,.,16,6.1,38,16,.,,19137
19139,"Muscatine County, IA",.,.,.,.,.,.,45,16,1,21,8.1,40,17,.,,19139
19147,"Palo Alto County, IA",.,.,.,.,0.07,0.058,.,.,.,.,.,.,.,.,,19147
19153,"Polk County, IA",1.4,0.8,33,8,0.07,0.061,1,1,0,18,7.2,37,19,.,,19153
19155,"Pottawattamie County, IA",.,.,.,.,.,.,.,.,.,17,7.2,47,20,0.07,,19155
19163,"Scott County, IA",0.8,0.5,30,6,0.08,0.066,4,1,0,22,8.3,121,40,.,,19163
19169,"Story County, IA",.,.,.,.,0.07,0.06,.,.,.,.,.,.,.,.,,19169
19177,"Van Buren County, IA",.,.,8,2,0.07,0.063,2,1,0,19,6.8,36,14,.,,19177
19181,"Warren County, IA",.,.,.,.,0.06,0.057,.,.,.,.,.,.,.,.,,19181
19193,"Woodbury County, IA",.,.,.,.,.,.,6,1,0,15,7.3,49,20,.,,19193
20057,"Ford County, KS",.,.,.,.,.,.,.,.,.,.,.,70,20,.,,20057
20091,"Johnson County, KS",.,.,.,.,0.07,0.058,.,.,.,17,6.9,.,.,.,,20091
20103,"Leavenworth County, KS",.,.,.,.,0.07,0.062,.,.,.,.,.,.,.,.,,20103
20133,"Neosho County, KS",.,.,19,3,0.08,0.061,.,.,.,20,7.5,50,16,.,,20133
20169,"Saline County, KS",.,.,.,.,.,.,.,.,.,.,.,.,.,0.18,,20169
20173,"Sedgwick County, KS",.,.,36,7,0.08,0.064,.,.,.,20,7.4,88,25,.,,20173
20177,"Shawnee County, KS",.,.,.,.,0.07,0.063,.,.,.,18,7.1,61,18,.,,20177
20181,"Sherman County, KS",.,.,.,.,.,.,.,.,.,.,.,71,30,.,,20181
20191,"Sumner County, KS",.,.,.,4,0.07,0.062,3,1,1,16,6.7,.,.,.,,20191
20195,"Trego County, KS",.,.,5,1,0.06,0.058,2,2,1,10,4.1,.,.,.,,20195
20209,"Wyandotte County, KS",1.5,1,.,11,0.09,0.064,10,3,1,19,8.5,47,24,.,,20209
21013,"Bell County, KY",.,.,.,.,0.07,0.062,.,.,.,41,10.1,.,.,.,,21013
21015,"Boone County, KY",.,.,.,.,0.07,0.065,.,.,.,.,.,.,.,.,,21015
21019,"Boyd County, KY",.,.,29,5,0.08,0.066,6,1,0,15,7.7,50,23,.,,21019
21029,"Bullitt County, KY",.,.,.,.,0.09,0.067,.,.,.,.,.,.,.,.,,21029
21037,"Campbell County, KY",.,.,26,2,0.08,0.069,12,3,0,18,8.1,.,.,.,,21037
21043,"Carter County, KY",.,.,.,.,0.07,0.065,.,.,.,15,6.6,20,11,.,,21043
21047,"Christian County, KY",.,.,.,.,0.07,0.061,.,.,.,17,8.3,.,.,.,,21047
21059,"Daviess County, KY",.,.,29,4,0.08,0.068,25,7,1,18,8.6,.,.,.,,21059
21061,"Edmonson County, KY",0.3,0.3,.,.,0.08,0.065,.,.,.,.,.,.,.,.,,21061
21067,"Fayette County, KY",.,.,43,7,0.07,0.065,3,1,0,17,8.2,.,.,.,,21067
21089,"Greenup County, KY",.,.,.,.,0.07,0.063,8,3,1,.,.,.,.,.,,21089
21091,"Hancock County, KY",.,.,.,.,0.08,0.067,.,.,.,.,.,.,.,.,,21091
21093,"Hardin County, KY",.,.,.,.,0.08,0.068,.,.,.,17,8.3,.,.,.,,21093
21101,"Henderson County, KY",.,.,.,.,0.08,0.072,14,5,2,17,8.6,29,14,.,,21101
21111,"Jefferson County, KY",1.6,1.3,49,15,0.09,0.076,26,5,1,19,9.2,39,16,.,,21111
21113,"Jessamine County, KY",.,.,.,.,0.08,0.066,5,2,1,.,.,.,.,.,,21113
21139,"Livingston County, KY",.,.,.,.,0.08,0.068,.,.,.,.,.,26,13,.,,21139
21145,"McCracken County, KY",.,.,31,5,0.08,0.063,16,3,0,.,.,29,15,.,,21145
21151,"Madison County, KY",.,.,.,.,.,.,.,.,.,.,.,.,.,0.05,,21151
21175,"Morgan County, KY",.,.,.,.,0.07,0.066,.,.,.,.,.,.,.,.,,21175
21185,"Oldham County, KY",.,.,.,.,0.08,0.069,.,.,.,.,.,.,.,.,,21185
21193,"Perry County, KY",.,.,.,.,0.07,0.058,.,.,.,28,8.8,.,.,.,,21193
21195,"Pike County, KY",.,.,.,.,0.07,0.061,.,.,.,37,8.2,.,.,.,,21195
21199,"Pulaski County, KY",.,.,.,.,0.07,0.063,.,.,.,16,8,.,.,.,,21199
21213,"Simpson County, KY",.,.,.,.,0.08,0.063,.,.,.,.,.,.,.,.,,21213
21221,"Trigg County, KY",.,.,.,.,0.07,0.063,.,.,.,.,.,.,.,.,,21221
21227,"Warren County, KY",.,.,.,.,0.07,0.062,.,.,.,17,8.3,.,.,.,,21227
21229,"Washington County, KY",.,.,.,.,0.07,0.065,.,.,.,.,.,.,.,.,,21229
22005,"Ascension Parish, LA",.,.,35,8,0.08,0.071,.,.,.,.,.,.,.,.,,22005
22015,"Bossier Parish, LA",.,.,.,.,0.08,0.065,.,.,.,.,.,.,.,.,,22015
22017,"Caddo Parish, LA",.,.,.,.,0.07,0.062,.,.,.,19,10.4,.,.,.,,22017
22019,"Calcasieu Parish, LA",.,.,40,6,0.08,0.065,34,9,1,18,7.6,.,.,.,,22019
22033,"East Baton Rouge Parish, LA",2.1,1.1,45,11,0.08,0.068,11,6,1,26,11.4,69,25,0,,22033
22047,"Iberville Parish, LA",.,.,24,4,0.08,0.064,.,.,.,18,8.3,.,.,.,,22047
22051,"Jefferson Parish, LA",.,.,39,7,0.09,0.067,.,.,.,13,6.6,.,.,.,,22051
22055,"Lafayette Parish, LA",.,.,.,.,0.07,0.063,.,.,.,.,.,41,16,.,,22055
22057,"Lafourche Parish, LA",.,.,.,.,0.08,0.065,.,.,.,.,.,.,.,.,,22057
22063,"Livingston Parish, LA",.,.,15,3,0.09,0.067,.,.,.,.,.,.,.,.,,22063
22071,"Orleans Parish, LA",1.7,1.4,45,10,.,.,.,.,.,14,7.5,48,18,.,,22071
22073,"Ouachita Parish, LA",.,.,.,.,0.07,0.06,.,.,.,20,8.5,.,.,.,,22073
22077,"Pointe Coupee Parish, LA",.,.,.,.,0.08,0.065,.,.,.,.,.,.,.,.,,22077
22087,"St. Bernard Parish, LA",.,.,.,.,0.09,0.065,85,27,4,.,.,39,16,.,,22087
22093,"St. James Parish, LA",.,.,.,.,0.08,0.063,.,.,.,.,.,.,.,.,,22093
22095,"St. John the Baptist Parish, LA",.,.,.,.,0.08,0.064,.,.,.,.,.,.,.,0.01,,22095
22099,"St. Martin Parish, LA",.,.,.,.,0.07,0.066,.,.,.,.,.,.,.,.,,22099
22103,"St. Tammany Parish, LA",.,.,.,.,0.08,0.064,.,.,.,.,.,.,.,.,,22103
22105,"Tangipahoa Parish, LA",.,.,.,.,.,.,.,.,.,16,6.6,.,.,.,,22105
22109,"Terrebonne Parish, LA",.,.,.,.,.,.,.,.,.,14,6.9,.,.,.,,22109
22121,"West Baton Rouge Parish, LA",.,.,40,9,0.09,0.066,22,6,2,.,.,.,.,.,,22121
23001,"Androscoggin County, ME",.,.,.,.,0.07,0.057,.,.,.,17,6,.,.,.,,23001
23003,"Aroostook County, ME",0.7,0.4,18,2,0.06,0.052,3,1,0,18,7.4,70,12,.,,23003
23005,"Cumberland County, ME",1.6,0.9,40,6,0.08,0.065,9,3,1,15,6.6,62,19,.,,23005
23009,"Hancock County, ME",0.2,0.2,.,.,0.08,0.066,1,0,0,11,4.5,14,5,.,,23009
23011,"Kennebec County, ME",.,.,.,.,0.07,0.059,.,.,.,19,5.6,28,11,.,,23011
23013,"Knox County, ME",.,.,.,.,0.08,0.063,.,.,.,.,.,.,.,.,,23013
23017,"Oxford County, ME",.,.,.,.,0.07,0.054,.,.,.,25,6.7,.,.,.,,23017
23019,"Penobscot County, ME",.,.,.,.,0.07,0.057,.,.,.,14,6,45,13,.,,23019
23029,"Washington County, ME",.,.,.,.,0.07,0.057,.,.,.,.,.,.,.,.,,23029
23031,"York County, ME",.,.,.,.,0.09,0.068,.,.,.,.,.,.,.,.,,23031
24003,"Anne Arundel County, MD",.,.,.,.,0.09,0.076,.,.,.,18,8.2,30,13,.,,24003
24005,"Baltimore County, MD",2,1.5,49,16,0.1,0.078,13,3,1,20,8.6,.,.,.,,24005
24009,"Calvert County, MD",.,.,.,.,0.08,0.07,.,.,.,.,.,.,.,.,,24009
24013,"Carroll County, MD",.,.,.,.,0.08,0.072,.,.,.,.,.,.,.,.,,24013
24015,"Cecil County, MD",.,.,.,.,0.1,0.08,.,.,.,19,7.8,.,.,.,,24015
24017,"Charles County, MD",.,.,.,.,0.09,0.073,.,.,.,.,.,.,.,.,,24017
24019,"Dorchester County, MD",0.5,0.4,.,.,0.09,0.068,4,1,1,16,7.9,.,.,.,,24019
24021,"Frederick County, MD",.,.,.,.,0.08,0.07,.,.,.,.,.,.,.,.,,24021
24023,"Garrett County, MD",0.3,0.3,11,2,0.07,0.066,7,3,0,.,.,.,.,.,,24023
24025,"Harford County, MD",.,.,.,.,0.1,0.079,.,.,.,21,7.7,.,.,.,,24025
24027,"Howard County, MD",0.9,0.7,51,17,.,.,.,.,.,21,9.7,.,.,.,,24027
24029,"Kent County, MD",.,.,.,.,0.09,0.072,.,.,.,14,6.1,.,.,.,,24029
24031,"Montgomery County, MD",.,.,.,.,0.08,0.068,.,.,.,16,6.4,.,.,.,,24031
24033,"Prince George's County, MD",1.9,0.8,.,8,0.09,0.076,5,2,1,21,8.6,22,11,.,,24033
24043,"Washington County, MD",.,.,.,.,0.09,0.07,.,.,.,18,7.7,.,.,.,,24043
24510,"Baltimore (City), MD",.,.,55,15,0.09,0.075,.,.,.,22,8.6,32,16,.,,24510
25001,"Barnstable County, MA",.,.,.,.,0.08,0.065,.,.,.,.,.,.,.,.,,25001
25003,"Berkshire County, MA",.,.,.,.,.,.,.,.,.,18,6.7,.,.,.,,25003
25005,"Bristol County, MA",.,.,.,.,0.09,0.076,7,3,1,14,5.6,.,.,.,,25005
25007,"Dukes County, MA",.,.,.,.,0.09,0.066,.,.,.,.,.,.,.,.,,25007
25009,"Essex County, MA",0.7,0.5,32,5,0.08,0.067,.,.,.,15,5.3,.,.,.,,25009
25011,"Franklin County, MA",.,.,.,.,0.08,0.068,.,.,.,17,5.9,.,.,.,,25011
25013,"Hampden County, MA",2.2,1.5,38,11,0.09,0.076,.,.,.,17,6.6,33,13,.,,25013
25015,"Hampshire County, MA",.,.,30,3,0.09,0.072,3,2,1,14,5,14,6,.,,25015
25017,"Middlesex County, MA",.,.,.,.,0.08,0.066,.,.,.,.,.,.,.,.,,25017
25021,"Norfolk County, MA",.,.,30,4,0.08,0.07,.,.,.,.,.,.,.,.,,25021
25023,"Plymouth County, MA",.,.,.,.,0.08,0.067,.,.,.,15,5.7,.,.,.,,25023
25025,"Suffolk County, MA",2.4,1.2,49,15,0.07,0.058,5,2,0,17,7.7,30,14,.,,25025
25027,"Worcester County, MA",1.8,1.1,49,12,0.08,0.07,5,3,1,17,6,40,15,.,,25027
26005,"Allegan County, MI",.,.,.,.,0.09,0.076,.,.,.,17,7,.,.,.,,26005
26017,"Bay County, MI",.,.,.,.,.,.,.,.,.,20,6.8,.,.,.,,26017
26019,"Benzie County, MI",.,.,.,.,0.08,0.072,.,.,.,.,.,.,.,.,,26019
26021,"Berrien County, MI",.,.,.,.,0.09,0.078,.,.,.,17,7.4,.,.,.,,26021
26027,"Cass County, MI",.,.,.,.,0.08,0.077,.,.,.,.,.,.,.,.,,26027
26033,"Chippewa County, MI",.,.,.,.,0.08,0.062,.,.,.,.,.,.,.,.,,26033
26037,"Clinton County, MI",.,.,.,.,0.08,0.073,.,.,.,.,.,.,.,.,,26037
26049,"Genesee County, MI",.,.,.,.,0.08,0.073,.,.,.,19,7.2,.,.,.,,26049
26063,"Huron County, MI",.,.,.,.,0.09,0.072,.,.,.,.,.,.,.,.,,26063
26065,"Ingham County, MI",.,.,.,7,0.08,0.073,10,4,1,18,7.3,.,.,.,,26065
26067,"Ionia County, MI",.,.,.,.,.,.,.,.,.,.,.,.,.,0.02,,26067
26077,"Kalamazoo County, MI",.,.,.,.,0.08,0.074,.,.,.,20,8.2,.,.,.,,26077
26081,"Kent County, MI",1.4,0.9,.,.,0.09,0.075,6,2,0,23,8.8,56,16,0,,26081
26091,"Lenawee County, MI",.,.,.,.,0.08,0.069,.,.,.,15,7.5,.,.,.,,26091
26099,"Macomb County, MI",.,.,.,.,0.09,0.075,.,.,.,20,7.5,.,.,.,,26099
26101,"Manistee County, MI",.,.,.,.,0.08,0.07,.,.,.,13,5.5,.,.,.,,26101
26105,"Mason County, MI",.,.,.,.,0.09,0.074,.,.,.,.,.,.,.,.,,26105
26113,"Missaukee County, MI",.,.,9,2,0.08,0.074,.,.,.,12,4.9,.,.,.,,26113
26115,"Monroe County, MI",.,.,.,.,.,.,14,4,1,18,7.7,.,.,.,,26115
26121,"Muskegon County, MI",.,.,.,.,0.1,0.076,.,.,.,.,.,.,.,.,,26121
26125,"Oakland County, MI",.,.,.,.,0.08,0.075,.,.,.,20,7.9,.,.,.,,26125
26139,"Ottawa County, MI",.,.,.,.,0.09,0.074,20,6,0,.,.,.,.,.,,26139
26147,"St. Clair County, MI",.,.,.,.,0.08,0.073,52,13,1,19,7.8,.,.,0.07,,26147
26153,"Schoolcraft County, MI",.,.,.,.,0.09,0.075,.,.,.,.,.,.,.,.,,26153
26157,"Tuscola County, MI",.,.,.,.,0.08,0.071,.,.,.,.,.,.,.,.,,26157
26161,"Washtenaw County, MI",.,.,.,.,0.08,0.074,.,.,.,18,8.1,.,.,.,,26161
26163,"Wayne County, MI",2.5,1.5,50,16,0.08,0.074,59,17,3,26,11.3,181,28,0.01,,26163
26165,"Wexford County, MI",.,.,.,.,0.08,0.071,.,.,.,.,.,.,.,.,,26165
27003,"Anoka County, MN",1.3,0.8,39,6,0.07,0.061,.,.,.,19,6.6,40,13,0.02,,27003
27005,"Becker County, MN",.,.,.,.,0.06,0.059,.,.,.,16,3.8,.,.,.,,27005
27007,"Beltrami County, MN",.,.,.,.,.,.,.,.,.,15,4.9,.,.,.,,27007
27017,"Carlton County, MN",.,.,.,.,0.07,0.059,.,.,.,15,5.1,.,.,.,,27017
27031,"Cook County, MN",.,.,.,.,.,.,.,.,.,9,3.7,.,.,.,,27031
27035,"Crow Wing County, MN",.,.,.,.,0.07,0.06,.,.,.,15,5.9,.,.,.,,27035
27037,"Dakota County, MN",0.9,0.6,39,8,.,.,13,5,1,18,6.9,.,.,0.11,,27037
27049,"Goodhue County, MN",.,.,.,.,0.07,0.061,.,.,.,.,.,.,.,.,,27049
27053,"Hennepin County, MN",2.1,1.4,43,13,0.07,0.056,5,3,1,20,7.8,127,38,0.08,,27053
27075,"Lake County, MN",.,.,.,.,0.06,0.058,.,.,.,9,3,75,12,.,,27075
27083,"Lyon County, MN",.,.,.,.,0.06,0.057,.,.,.,14,4.4,.,.,.,,27083
27095,"Mille Lacs County, MN",.,.,.,.,0.07,0.061,.,.,.,.,.,.,.,.,,27095
27109,"Olmsted County, MN",.,.,.,.,0.07,0.062,2,1,1,20,6.3,.,.,.,,27109
27123,"Ramsey County, MN",2.3,1.7,.,.,.,.,.,.,.,22,7.2,64,26,0.01,,27123
27137,"Saint Louis County, MN",.,.,.,.,0.06,0.055,.,.,.,16,5.1,62,21,0,,27137
27139,"Scott County, MN",.,.,.,.,0.07,0.061,.,.,.,16,6.2,.,.,.,,27139
27145,"Stearns County, MN",.,.,.,.,0.07,0.058,.,.,.,16,5.6,.,.,.,,27145
27163,"Washington County, MN",.,.,.,.,0.07,0.06,4,2,1,17,6,74,22,0,,27163
27171,"Wright County, MN",.,.,.,.,0.07,0.061,.,.,.,18,6.3,.,.,.,,27171
28011,"Bolivar County, MS",.,.,.,.,0.07,0.064,.,.,.,.,.,.,.,.,,28011
28033,"DeSoto County, MS",.,.,.,.,0.09,0.066,.,.,.,.,.,.,.,.,,28033
28035,"Forrest County, MS",.,.,.,.,.,.,.,.,.,16,9.1,.,.,.,,28035
28045,"Hancock County, MS",.,.,.,.,0.07,0.061,.,.,.,16,7.9,.,.,.,,28045
28047,"Harrison County, MS",.,.,.,.,0.07,0.063,.,.,.,14,8.1,.,.,.,,28047
28049,"Hinds County, MS",1.8,1.2,.,6,0.08,0.063,13,2,0,17,8.4,39,17,.,,28049
28059,"Jackson County, MS",.,.,.,4,0.07,0.062,6,1,0,14,7.8,.,.,.,,28059
28075,"Lauderdale County, MS",.,.,.,.,0.06,0.058,.,.,.,.,.,.,.,.,,28075
28081,"Lee County, MS",.,.,.,.,0.07,0.061,.,.,.,.,.,.,.,.,,28081
28161,"Yalobusha County, MS",.,.,.,.,0.06,0.057,.,.,.,.,.,.,.,.,,28161
29003,"Andrew County, MO",.,.,.,.,0.08,0.062,.,.,.,.,.,.,.,.,,29003
29019,"Boone County, MO",.,.,.,.,0.09,0.065,.,.,.,.,.,.,.,.,,29019
29021,"Buchanan County, MO",.,.,.,.,.,.,.,.,.,18,8.1,.,.,.,,29021
29027,"Callaway County, MO",.,.,.,.,0.07,0.064,.,.,.,.,.,.,.,.,,29027
29037,"Cass County, MO",.,.,.,.,0.07,0.061,.,.,.,14,6.3,.,.,.,,29037
29039,"Cedar County, MO",.,.,.,.,0.06,0.06,.,.,.,16,6.6,.,.,.,,29039
29047,"Clay County, MO",.,.,.,.,0.09,0.069,.,.,.,15,6.4,.,.,.,,29047
29049,"Clinton County, MO",.,.,.,.,0.09,0.069,.,.,.,.,.,.,.,.,,29049
29077,"Greene County, MO",.,.,.,.,0.07,0.059,4,2,1,15,7.1,47,14,.,,29077
29087,"Holt County, MO",.,.,.,.,.,.,.,.,.,.,.,.,.,0.02,,29087
29093,"Iron County, MO",.,.,.,.,.,.,43,8,2,.,.,.,.,0.19,,29093
29095,"Jackson County, MO",1.3,1,46,13,.,.,9,4,2,20,9,84,27,.,,29095
29097,"Jasper County, MO",.,.,.,.,0.06,0.059,.,.,.,.,.,116,25,.,,29097
29099,"Jefferson County, MO",.,.,.,.,0.08,0.07,27,6,1,19,8.3,28,13,0.14,,29099
29113,"Lincoln County, MO",.,.,.,.,0.08,0.065,.,.,.,.,.,.,.,.,,29113
29137,"Monroe County, MO",.,.,8,1,0.07,0.059,6,4,2,.,.,37,11,.,,29137
29157,"Perry County, MO",.,.,.,.,0.08,0.069,.,.,.,.,.,.,.,.,,29157
29179,"Reynolds County, MO",.,.,.,.,.,.,.,.,.,.,.,.,.,0.05,,29179
29183,"Saint Charles County, MO",.,.,.,.,0.1,0.076,27,6,1,.,.,.,.,.,,29183
29186,"Sainte Genevieve County, MO",.,.,.,.,0.08,0.067,.,.,.,.,.,.,.,.,,29186
29189,"Saint Louis County, MO",.,.,42,12,0.09,0.073,.,.,.,19,8.7,.,.,.,,29189
29213,"Taney County, MO",.,.,.,.,0.06,0.056,.,.,.,.,.,.,.,.,,29213
29510,"St. Louis City, MO",2.3,1.5,45,12,0.09,0.068,9,4,2,21,9.6,82,25,0.01,,29510
30027,"Fergus County, MT",.,.,.,0,0.06,0.055,.,.,.,14,3.7,.,.,.,,30027
30029,"Flathead County, MT",.,.,.,.,0.06,0.05,.,.,.,17,5.5,98,23,.,,30029
30031,"Gallatin County, MT",9.4,4,.,2,.,.,.,.,.,43,5,.,.,.,,30031
30049,"Lewis and Clark County, MT",0.8,0.5,.,.,0.06,0.055,.,.,.,33,7.3,.,.,.,,30049
30053,"Lincoln County, MT",.,.,.,.,.,.,.,.,.,26,9.8,57,16,.,,30053
30063,"Missoula County, MT",.,.,.,.,0.06,0.051,.,.,.,28,8.8,65,16,.,,30063
30071,"Phillips County, MT",.,.,7,0,0.06,0.053,.,.,.,15,4.7,42,8,.,,30071
30075,"Powder River County, MT",.,.,.,.,0.06,0.055,.,.,.,18,6.3,.,.,.,,30075
30081,"Ravalli County, MT",.,.,.,.,.,.,.,.,.,40,9.2,.,.,.,,30081
30083,"Richland County, MT",.,.,.,1,0.06,0.057,.,.,.,12,5.4,71,13,.,,30083
30087,"Rosebud County, MT",.,.,13,2,0.06,0.057,8,4,1,15,4.9,91,17,.,,30087
30093,"Silver Bow County, MT",.,.,.,.,.,.,.,.,.,28,7.6,51,17,.,,30093
30111,"Yellowstone County, MT",.,.,.,.,.,.,18,5,1,.,.,.,.,.,,30111
31025,"Cass County, NE",.,.,.,.,.,.,.,.,.,.,.,134,29,.,,31025
31053,"Dodge County, NE",.,.,.,.,.,.,.,.,.,.,.,.,.,0.06,,31053
31055,"Douglas County, NE",1.8,1.5,.,.,0.08,0.063,65,19,1,18,8,71,24,0,,31055
31079,"Hall County, NE",.,.,.,.,.,.,.,.,.,12,5.4,.,.,.,,31079
31107,"Knox County, NE",.,.,.,.,0.07,0.064,.,.,.,.,.,.,.,.,,31107
31109,"Lancaster County, NE",.,.,.,.,0.07,0.058,.,.,.,19,7.4,.,.,.,,31109
31153,"Sarpy County, NE",.,.,.,.,.,.,.,.,.,16,7.9,.,.,.,,31153
31177,"Washington County, NE",.,.,.,.,.,.,.,.,.,14,6.4,.,.,.,,31177
32001,"Churchill County, NV",.,.,.,.,0.08,0.069,.,.,.,.,.,.,.,.,,32001
32003,"Clark County, NV",2.9,2.2,58,25,0.1,0.079,6,3,1,23,10.7,143,28,.,,32003
32005,"Douglas County, NV",.,.,.,.,.,.,.,.,.,19,6.9,.,.,.,,32005
32019,"Lyon County, NV",.,.,.,.,0.08,0.069,.,.,.,.,.,.,.,.,,32019
32023,"Nye County, NV",.,.,.,.,.,.,.,.,.,.,.,90,18,.,,32023
32031,"Washoe County, NV",2.6,1.9,46,13,0.08,0.073,5,2,0,21,7,78,22,.,,32031
32033,"White Pine County, NV",.,.,.,.,0.07,0.063,.,.,.,.,.,.,.,.,,32033
32510,"Carson City, NV",.,.,.,.,0.07,0.066,.,.,.,13,4.5,.,.,.,,32510
33001,"Belknap County, NH",.,.,.,.,0.07,0.06,.,.,.,9,4.3,.,.,.,,33001
33005,"Cheshire County, NH",.,.,.,.,0.08,0.066,.,.,.,20,6.7,.,.,.,,33005
33007,"Coos County, NH",.,.,.,.,0.07,0.066,.,.,.,.,.,.,.,.,,33007
33009,"Grafton County, NH",.,.,.,.,0.07,0.055,.,.,.,14,5.1,.,.,.,,33009
33011,"Hillsborough County, NH",0.3,0.3,.,.,0.08,0.069,2,1,0,10,4.2,.,.,.,,33011
33013,"Merrimack County, NH",.,.,.,.,0.07,0.062,16,5,1,.,.,.,.,.,,33013
33015,"Rockingham County, NH",0.5,0.4,24,3,0.09,0.067,13,5,1,13,5.6,24,10,.,,33015
34001,"Atlantic County, NJ",.,.,.,.,0.08,0.063,5,1,0,15,7.2,.,.,.,,34001
34003,"Bergen County, NJ",1,0.8,55,18,0.1,0.075,.,.,.,19,8.1,.,.,.,,34003
34007,"Camden County, NJ",1.7,1.3,52,12,0.09,0.078,11,6,0,24,10,113,39,.,,34007
34011,"Cumberland County, NJ",.,.,.,.,0.08,0.069,.,.,.,18,7.8,.,.,.,,34011
34013,"Essex County, NJ",3.3,2.3,58,15,0.09,0.07,4,2,0,18,8.7,45,15,.,,34013
34015,"Gloucester County, NJ",.,.,.,.,0.09,0.076,.,.,.,15,7.4,.,.,.,,34015
34017,"Hudson County, NJ",1.9,1.5,58,20,0.09,0.069,4,3,1,19,9.5,33,17,.,,34017
34019,"Hunterdon County, NJ",.,.,.,.,0.09,0.078,.,.,.,.,.,.,.,.,,34019
34021,"Mercer County, NJ",.,.,.,.,0.09,0.074,.,.,.,17,8.6,.,.,.,,34021
34023,"Middlesex County, NJ",.,.,39,9,0.09,0.076,.,.,.,18,8.3,.,.,.,,34023
34025,"Monmouth County, NJ",.,.,.,.,0.09,0.07,.,.,.,.,.,.,.,.,,34025
34027,"Morris County, NJ",.,.,32,3,0.09,0.069,5,2,0,13,6,.,.,.,,34027
34029,"Ocean County, NJ",.,.,.,.,0.1,0.072,.,.,.,16,6.6,.,.,.,,34029
34031,"Passaic County, NJ",.,.,.,.,0.09,0.072,.,.,.,16,7.4,.,.,.,,34031
34039,"Union County, NJ",5.2,2.5,59,20,.,.,7,3,0,21,10.1,.,.,.,,34039
34041,"Warren County, NJ",.,.,48,11,0.08,0.066,8,2,0,21,9.4,.,.,.,,34041
35001,"Bernalillo County, NM",2.2,1.9,44,10,0.08,0.067,6,2,1,19,7.6,205,35,0,,35001
35013,"Dona Ana County, NM",.,.,46,7,0.09,0.07,.,.,.,28,9.7,268,43,.,,35013
35015,"Eddy County, NM",.,.,16,2,0.07,0.063,.,.,.,.,.,.,.,.,,35015
35025,"Lea County, NM",.,.,33,4,0.07,0.065,.,.,.,12,5.9,.,.,.,,35025
35029,"Luna County, NM",.,.,.,.,.,.,.,.,.,.,.,266,24,.,,35029
35039,"Rio Arriba County, NM",.,.,.,.,0.07,0.063,.,.,.,.,.,.,.,.,,35039
35043,"Sandoval County, NM",.,.,.,.,0.08,0.064,.,.,.,.,.,.,.,.,,35043
35045,"San Juan County, NM",.,.,35,10,0.08,0.067,7,3,0,.,.,.,.,.,,35045
35049,"Santa Fe County, NM",.,.,.,.,0.07,0.064,.,.,.,.,.,.,.,.,,35049
35061,"Valencia County, NM",.,.,.,.,0.07,0.065,.,.,.,.,.,.,.,.,,35061
36001,"Albany County, NY",1.4,0.8,.,.,0.09,0.068,4,2,0,18,6.3,.,.,.,,36001
36005,"Bronx County, NY",1.7,1,60,18,0.09,0.07,7,4,1,19,8.2,.,.,.,,36005
36013,"Chautauqua County, NY",.,.,.,.,0.08,0.069,5,3,0,13,5.8,.,.,.,,36013
36027,"Dutchess County, NY",.,.,.,.,0.09,0.071,3,1,0,.,.,.,.,.,,36027
36029,"Erie County, NY",1.4,0.9,48,11,0.08,0.074,18,8,1,15,6.8,.,.,.,,36029
36031,"Essex County, NY",.,.,.,.,0.08,0.068,3,1,0,10,3.6,.,.,.,,36031
36033,"Franklin County, NY",.,.,24,4,0.06,0.05,8,4,1,.,.,.,.,.,,36033
36041,"Hamilton County, NY",.,.,.,.,0.08,0.061,2,1,0,.,.,.,.,.,,36041
36043,"Herkimer County, NY",.,.,.,.,0.08,0.071,3,1,0,.,.,.,.,.,,36043
36045,"Jefferson County, NY",.,.,.,.,0.08,0.067,.,.,.,.,.,.,.,.,,36045
36047,"Kings County, NY",.,.,.,.,.,.,.,.,.,16,7.9,.,.,.,,36047
36055,"Monroe County, NY",1.5,0.7,41,10,0.08,0.067,27,4,1,15,6.3,.,.,.,,36055
36059,"Nassau County, NY",.,.,.,.,.,.,7,3,0,.,.,.,.,.,,36059
36061,"New York County, NY",1.6,1.2,.,.,0.09,0.071,.,.,.,19,8.9,.,.,.,,36061
36063,"Niagara County, NY",.,.,.,.,0.08,0.07,.,.,.,.,.,.,.,.,,36063
36067,"Onondaga County, NY",.,.,.,.,0.08,0.067,3,1,0,13,5.4,.,.,.,,36067
36071,"Orange County, NY",.,.,.,.,0.08,0.064,.,.,.,13,6.2,.,.,0.03,,36071
36075,"Oswego County, NY",.,.,.,.,0.08,0.061,.,.,.,.,.,.,.,.,,36075
36079,"Putnam County, NY",.,.,.,.,0.1,0.071,2,2,0,.,.,.,.,.,,36079
36081,"Queens County, NY",1.5,1.1,57,16,0.09,0.071,7,3,1,17,6.7,.,.,.,,36081
36085,"Richmond County, NY",.,.,.,.,0.09,0.077,.,.,.,16,7.2,.,.,.,,36085
36087,"Rockland County, NY",.,.,.,.,0.09,0.073,.,.,.,.,.,.,.,.,,36087
36091,"Saratoga County, NY",.,.,.,.,0.09,0.067,.,.,.,.,.,.,.,.,,36091
36101,"Steuben County, NY",0.2,0.3,.,.,0.09,0.062,5,2,0,11,5,.,.,.,,36101
36103,"Suffolk County, NY",.,.,.,.,0.09,0.078,4,3,0,.,.,.,.,.,,36103
36109,"Tompkins County, NY",.,.,.,.,0.08,0.066,.,.,.,.,.,.,.,.,,36109
36117,"Wayne County, NY",.,.,.,.,0.09,0.067,.,.,.,.,.,.,.,.,,36117
36119,"Westchester County, NY",.,.,.,.,0.1,0.075,.,.,.,.,.,.,.,.,,36119
37003,"Alexander County, NC",.,.,.,.,0.08,0.066,.,.,.,.,.,.,.,.,,37003
37011,"Avery County, NC",.,.,.,.,0.08,0.069,.,.,.,.,.,.,.,.,,37011
37013,"Beaufort County, NC",.,.,.,.,.,.,28,4,0,.,.,.,.,.,,37013
37021,"Buncombe County, NC",.,.,.,.,0.08,0.062,.,.,.,40,8.5,.,.,.,,37021
37027,"Caldwell County, NC",.,.,.,.,0.07,0.066,.,.,.,.,.,.,.,.,,37027
37031,"Carteret County, NC",.,.,.,.,0.07,0.06,.,.,.,.,.,.,.,.,,37031
37033,"Caswell County, NC",.,.,.,.,0.07,0.064,.,.,.,.,.,.,.,.,,37033
37035,"Catawba County, NC",.,.,.,.,.,.,.,.,.,22,9.1,.,.,.,,37035
37051,"Cumberland County, NC",.,.,.,.,0.07,0.064,.,.,.,20,8.5,30,11,.,,37051
37057,"Davidson County, NC",.,.,.,.,.,.,.,.,.,18,8.5,.,.,.,,37057
37063,"Durham County, NC",.,.,.,.,0.07,0.063,4,1,0,20,9.4,29,7,.,,37063
37065,"Edgecombe County, NC",.,.,.,.,0.07,0.064,.,.,.,.,.,.,.,.,,37065
37067,"Forsyth County, NC",.,.,36,7,0.08,0.07,6,1,0,15,7.4,33,12,.,,37067
37075,"Graham County, NC",.,.,.,.,0.07,0.066,.,.,.,.,.,.,.,.,,37075
37077,"Granville County, NC",.,.,.,.,0.07,0.065,.,.,.,.,.,.,.,.,,37077
37081,"Guilford County, NC",.,.,.,.,0.08,0.068,.,.,.,18,8.4,35,11,.,,37081
37087,"Haywood County, NC",.,.,.,.,0.09,0.067,.,.,.,.,.,.,.,.,,37087
37099,"Jackson County, NC",.,.,.,.,0.09,0.069,.,.,.,44,9.1,.,.,.,,37099
37101,"Johnston County, NC",.,.,.,.,0.08,0.066,.,.,.,16,7.6,.,.,.,,37101
37105,"Lee County, NC",.,.,7,1,0.07,0.064,2,1,0,.,.,.,.,.,,37105
37107,"Lenoir County, NC",.,.,.,.,0.07,0.063,.,.,.,.,.,.,.,.,,37107
37109,"Lincoln County, NC",.,.,.,.,0.08,0.069,.,.,.,.,.,.,.,.,,37109
37113,"Macon County, NC",.,.,.,.,0.07,0.061,.,.,.,.,.,.,.,.,,37113
37117,"Martin County, NC",.,.,.,.,0.08,0.061,.,.,.,.,.,.,.,.,,37117
37119,"Mecklenburg County, NC",1.4,1,40,11,0.09,0.074,4,1,0,21,9.1,44,18,.,,37119
37121,"Mitchell County, NC",.,.,.,.,.,.,.,.,.,34,8.5,.,.,.,,37121
37123,"Montgomery County, NC",.,.,.,.,0.07,0.062,.,.,.,15,6.5,.,.,.,,37123
37129,"New Hanover County, NC",.,.,.,.,0.07,0.06,3,2,0,15,6.4,.,.,.,,37129
37145,"Person County, NC",.,.,.,.,0.07,0.063,.,.,.,.,.,.,.,.,,37145
37147,"Pitt County, NC",.,.,.,.,0.07,0.065,.,.,.,15,6.9,.,.,.,,37147
37157,"Rockingham County, NC",.,.,.,.,0.08,0.067,.,.,.,.,.,.,.,.,,37157
37159,"Rowan County, NC",.,.,.,.,0.08,0.066,.,.,.,.,.,.,.,.,,37159
37173,"Swain County, NC",.,.,.,.,0.08,0.064,.,.,.,43,9.1,.,.,.,,37173
37179,"Union County, NC",.,.,.,.,0.08,0.07,.,.,.,.,.,.,.,.,,37179
37183,"Wake County, NC",2.3,1.5,39,9,0.08,0.069,3,1,0,21,9.9,24,12,.,,37183
37199,"Yancey County, NC",.,.,.,.,0.08,0.07,.,.,.,.,.,.,.,.,,37199
38007,"Billings County, ND",.,.,.,.,0.06,0.056,4,2,1,9,2.9,.,.,.,,38007
38013,"Burke County, ND",.,.,10,2,0.06,0.055,21,6,1,11,1.4,48,9,.,,38013
38015,"Burleigh County, ND",0.7,0.4,.,5,.,.,.,.,.,18,4.8,.,.,.,,38015
38017,"Cass County, ND",0.5,0.3,27,4,0.06,0.054,2,1,0,19,5.1,63,14,.,,38017
38025,"Dunn County, ND",.,.,14,2,0.06,0.056,6,2,0,12,4.4,37,8,.,,38025
38053,"McKenzie County, ND",.,.,10,1,0.06,0.056,7,2,0,9,1.8,17,4,.,,38053
38057,"Mercer County, ND",.,.,20,2,0.06,0.053,24,5,1,9,2.1,31,5,.,,38057
38065,"Oliver County, ND",.,.,15,2,0.06,0.054,11,3,1,11,3.2,49,12,.,,38065
38093,"Stutsman County, ND",.,.,.,.,.,.,30,3,0,.,.,91,13,.,,38093
38105,"Williams County, ND",.,.,.,.,0.06,0.053,46,16,1,14,2.3,62,15,.,,38105
39001,"Adams County, OH",.,.,.,.,.,.,37,6,1,.,.,.,.,.,,39001
39003,"Allen County, OH",.,.,.,.,0.08,0.068,4,2,0,20,7.8,.,.,.,,39003
39007,"Ashtabula County, OH",.,.,.,.,0.08,0.072,7,3,0,.,.,.,.,.,,39007
39009,"Athens County, OH",.,.,.,.,.,.,.,.,.,11,6.2,.,.,.,,39009
39013,"Belmont County, OH",0.8,0.6,44,7,.,.,6,2,0,16,8.3,122,24,.,,39013
39017,"Butler County, OH",.,.,.,.,0.09,0.076,43,7,2,26,11.6,85,36,.,,39017
39023,"Clark County, OH",.,.,.,.,0.08,0.071,6,2,0,18,8.4,.,.,.,,39023
39025,"Clermont County, OH",.,.,.,.,0.08,0.073,.,.,.,.,.,.,.,.,,39025
39027,"Clinton County, OH",.,.,.,.,0.08,0.071,.,.,.,.,.,.,.,.,,39027
39029,"Columbiana County, OH",.,.,.,.,.,.,14,4,1,.,.,28,15,0.02,,39029
39035,"Cuyahoga County, OH",5.8,3.9,50,11,0.08,0.071,370,145,2,22,10.7,86,37,0.03,,39035
39041,"Delaware County, OH",.,.,.,.,0.08,0.067,.,.,.,.,.,.,.,.,,39041
39047,"Fayette County, OH",.,.,.,.,0.07,0.067,.,.,.,.,.,.,.,.,,39047
39049,"Franklin County, OH",2.5,1.8,42,12,0.09,0.072,4,2,0,18,8.7,52,20,0.01,,39049
39051,"Fulton County, OH",.,.,.,.,.,.,.,.,.,.,.,.,.,0.12,,39051
39055,"Geauga County, OH",.,.,.,.,0.08,0.077,.,.,.,.,.,.,.,.,,39055
39057,"Greene County, OH",.,.,.,.,0.08,0.069,.,.,.,15,8.1,27,13,.,,39057
39061,"Hamilton County, OH",1.7,1.3,56,21,0.09,0.075,18,4,1,23,10.2,48,21,.,,39061
39081,"Jefferson County, OH",.,.,.,.,0.07,0.062,31,8,2,26,12.1,37,17,.,,39081
39083,"Knox County, OH",.,.,.,.,0.07,0.066,.,.,.,.,.,.,.,.,,39083
39085,"Lake County, OH",2.2,1.5,.,.,0.09,0.076,80,25,2,15,7.3,31,13,.,,39085
39087,"Lawrence County, OH",.,.,.,.,0.08,0.07,7,1,0,14,6.7,29,15,.,,39087
39089,"Licking County, OH",.,.,.,.,0.08,0.067,.,.,.,.,.,.,.,.,,39089
39091,"Logan County, OH",.,.,.,.,.,.,.,.,.,.,.,.,.,0,,39091
39093,"Lorain County, OH",.,.,.,.,0.08,0.07,.,.,.,15,7.4,22,11,.,,39093
39095,"Lucas County, OH",.,.,.,.,0.08,0.07,21,5,1,20,8.9,.,.,.,,39095
39097,"Madison County, OH",.,.,.,.,0.08,0.068,.,.,.,.,.,.,.,.,,39097
39099,"Mahoning County, OH",.,.,.,.,0.07,0.054,13,4,0,19,8.2,45,16,.,,39099
39101,"Marion County, OH",.,.,.,.,.,.,.,.,.,.,.,.,.,0.02,,39101
39103,"Medina County, OH",.,.,.,.,0.08,0.066,.,.,.,16,7.3,.,.,.,,39103
39109,"Miami County, OH",.,.,.,.,0.08,0.069,.,.,.,.,.,.,.,.,,39109
39113,"Montgomery County, OH",1.2,0.9,.,.,0.08,0.072,.,.,.,23,9.1,39,19,0,,39113
39115,"Morgan County, OH",.,.,.,.,.,.,17,5,1,.,.,.,.,.,,39115
39121,"Noble County, OH",.,.,.,.,0.07,0.068,.,.,.,.,.,.,.,.,,39121
39133,"Portage County, OH",.,.,.,.,0.07,0.059,.,.,.,.,.,.,.,.,,39133
39135,"Preble County, OH",0.5,0.3,.,.,0.08,0.069,16,3,0,16,7.5,.,.,.,,39135
39145,"Scioto County, OH",.,.,.,.,.,.,23,5,1,17,8.4,37,15,.,,39145
39151,"Stark County, OH",1.8,1.4,.,.,0.08,0.072,.,.,.,20,9.5,.,.,.,,39151
39153,"Summit County, OH",1.4,1.1,.,.,0.09,0.061,10,3,0,22,10.2,.,.,.,,39153
39155,"Trumbull County, OH",.,.,.,.,0.08,0.071,.,.,.,13,7.4,25,13,.,,39155
39165,"Warren County, OH",.,.,.,.,0.09,0.074,.,.,.,.,.,.,.,.,,39165
39167,"Washington County, OH",.,.,.,.,0.07,0.064,.,.,.,.,.,.,.,0,,39167
39173,"Wood County, OH",.,.,.,.,0.08,0.066,.,.,.,.,.,.,.,.,,39173
40001,"Adair County, OK",0.5,0.4,.,.,0.06,0.058,4,2,1,.,.,.,.,.,,40001
40017,"Canadian County, OK",.,.,36,5,0.08,0.062,.,.,.,.,.,.,.,.,,40017
40019,"Carter County, OK",.,.,.,.,0.09,0.069,.,.,.,.,.,.,.,.,,40019
40021,"Cherokee County, OK",.,.,.,.,0.07,0.058,.,.,.,.,.,.,.,.,,40021
40027,"Cleveland County, OK",.,.,.,.,0.08,0.065,.,.,.,17,7.5,.,.,.,,40027
40031,"Comanche County, OK",.,.,.,.,0.07,0.061,.,.,.,15,6.8,.,.,.,,40031
40033,"Cotton County, OK",.,.,.,.,0.07,0.062,.,.,.,.,.,.,.,.,,40033
40037,"Creek County, OK",.,.,.,.,0.08,0.064,.,.,.,.,.,.,.,.,,40037
40039,"Custer County, OK",.,.,.,.,.,.,.,.,.,.,.,67,17,.,,40039
40043,"Dewey County, OK",.,.,.,.,0.07,0.065,.,.,.,14,5.9,.,.,.,,40043
40051,"Grady County, OK",.,.,.,4,.,.,.,.,.,.,.,.,.,.,,40051
40069,"Johnston County, OK",.,.,.,.,0.07,0.061,.,.,.,.,.,.,.,.,,40069
40071,"Kay County, OK",.,.,.,.,0.08,0.059,27,9,1,16,7.2,.,.,.,,40071
40081,"Lincoln County, OK",.,.,.,.,0.07,0.063,.,.,.,.,.,68,17,.,,40081
40087,"McClain County, OK",.,.,.,.,0.07,0.065,.,.,.,.,.,.,.,.,,40087
40097,"Mayes County, OK",.,.,.,.,0.07,0.061,.,.,.,.,.,.,.,.,,40097
40101,"Muskogee County, OK",.,.,.,.,.,.,49,11,2,.,.,77,20,.,,40101
40109,"Oklahoma County, OK",1.7,1.1,47,17,0.09,0.068,3,3,0,17,7.6,67,22,.,,40109
40115,"Ottawa County, OK",.,.,.,.,0.07,0.053,.,.,.,.,.,.,.,0.02,,40115
40121,"Pittsburg County, OK",.,.,.,.,0.08,0.059,.,.,.,17,8,.,.,.,,40121
40135,"Sequoyah County, OK",.,.,27,5,0.07,0.058,.,.,.,19,8.3,.,.,.,,40135
40143,"Tulsa County, OK",2.3,1.6,36,7,0.08,0.064,17,6,1,22,9.5,72,19,.,,40143
40147,"Washington County, OK",.,.,.,.,0.08,0.063,.,.,.,.,.,.,.,.,,40147
41005,"Clackamas County, OR",.,.,.,.,0.08,0.064,.,.,.,.,.,.,.,.,,41005
41009,"Columbia County, OR",.,.,.,.,0.07,0.051,.,.,.,.,.,.,.,.,,41009
41013,"Crook County, OR",.,.,.,.,.,.,.,.,.,24,6.9,.,.,.,,41013
41025,"Harney County, OR",.,.,.,.,.,.,.,.,.,29,8.2,.,.,.,,41025
41029,"Jackson County, OR",.,.,.,.,0.06,0.049,.,.,.,21,7.2,.,.,.,,41029
41033,"Josephine County, OR",.,.,.,.,.,.,.,.,.,15,5.8,.,.,.,,41033
41035,"Klamath County, OR",.,.,.,.,.,.,.,.,.,23,6.8,.,.,.,,41035
41039,"Lane County, OR",.,.,.,.,0.07,0.057,.,.,.,38,6.7,41,15,.,,41039
41047,"Marion County, OR",.,.,.,.,0.08,0.065,.,.,.,.,.,.,.,.,,41047
41051,"Multnomah County, OR",1.7,1.2,34,9,0.08,0.055,3,1,0,14,5.6,32,10,.,,41051
41059,"Umatilla County, OR",.,.,.,.,0.07,0.063,.,.,.,.,.,.,.,.,,41059
41065,"Wasco County, OR",.,.,.,.,0.07,0.056,.,.,.,.,.,.,.,.,,41065
41067,"Washington County, OR",1.5,1.3,35,13,0.07,0.058,.,.,.,18,5.9,.,.,.,,41067
42001,"Adams County, PA",0.5,0.4,14,1,0.08,0.073,7,2,0,.,.,.,.,.,,42001
42003,"Allegheny County, PA",4.5,2.6,37,11,0.08,0.072,64,26,4,22,10.6,84,23,0.01,,42003
42005,"Armstrong County, PA",.,.,.,.,0.08,0.073,.,.,.,22,10.5,.,.,.,,42005
42007,"Beaver County, PA",.,.,40,9,0.08,0.071,27,5,1,20,8.9,49,16,0.02,,42007
42011,"Berks County, PA",.,.,.,.,0.09,0.075,5,3,0,25,11.4,.,.,0.03,,42011
42013,"Blair County, PA",.,.,.,.,0.08,0.062,13,6,0,22,8.2,.,.,.,,42013
42015,"Bradford County, PA",.,.,.,2,0.07,0.06,.,.,.,.,.,.,.,.,,42015
42017,"Bucks County, PA",.,.,.,.,0.09,0.08,.,.,.,.,.,.,.,.,,42017
42021,"Cambria County, PA",1,0.7,36,7,0.07,0.064,21,7,1,23,8.9,47,14,.,,42021
42025,"Carbon County, PA",.,.,.,.,.,.,.,.,.,.,.,.,.,0.11,,42025
42027,"Centre County, PA",.,.,31,5,0.08,0.065,7,3,1,.,.,.,.,.,,42027
42029,"Chester County, PA",.,.,.,.,0.09,0.08,.,.,.,23,10.4,.,.,.,,42029
42033,"Clearfield County, PA",.,.,.,.,0.08,0.066,.,.,.,.,.,.,.,.,,42033
42041,"Cumberland County, PA",.,.,.,.,.,.,.,.,.,25,8.1,.,.,.,,42041
42043,"Dauphin County, PA",.,.,.,.,0.08,0.07,.,.,.,25,8.9,41,15,.,,42043
42045,"Delaware County, PA",.,.,41,8,0.09,0.071,8,5,1,24,11,.,.,0.01,,42045
42047,"Elk County, PA",.,.,.,.,0.08,0.067,.,.,.,.,.,.,.,.,,42047
42049,"Erie County, PA",1.1,0.6,.,5,0.08,0.067,.,.,.,17,7.7,29,10,.,,42049
42055,"Franklin County, PA",.,.,.,.,0.07,0.059,.,.,.,.,.,.,.,0.01,,42055
42059,"Greene County, PA",.,.,.,.,0.07,0.067,.,.,.,11,4.6,.,.,.,,42059
42063,"Indiana County, PA",.,.,.,.,0.08,0.071,39,8,1,.,.,.,.,0.01,,42063
42069,"Lackawanna County, PA",1.3,0.9,46,10,0.08,0.071,.,.,.,19,8.2,.,.,.,,42069
42071,"Lancaster County, PA",.,.,.,.,0.09,0.071,.,.,.,27,11,44,14,0.04,,42071
42073,"Lawrence County, PA",.,.,.,.,0.08,0.068,24,5,0,.,.,.,.,0.03,,42073
42075,"Lebanon County, PA",.,.,.,.,0.08,0.072,.,.,.,.,.,.,.,.,,42075
42077,"Lehigh County, PA",.,.,.,.,0.08,0.073,.,.,.,25,10.5,31,12,.,,42077
42079,"Luzerne County, PA",.,.,.,.,0.08,0.066,5,3,1,.,.,31,13,0.01,,42079
42081,"Lycoming County, PA",.,.,.,.,0.07,0.065,.,.,.,.,.,27,11,.,,42081
42085,"Mercer County, PA",.,.,.,.,0.08,0.07,.,.,.,.,.,.,.,.,,42085
42089,"Monroe County, PA",.,.,.,.,0.08,0.07,.,.,.,17,6.3,.,.,.,,42089
42091,"Montgomery County, PA",.,.,.,.,0.09,0.073,.,.,.,.,.,.,.,.,,42091
42095,"Northampton County, PA",.,.,.,9,0.09,0.075,19,5,1,21,8.1,.,.,.,,42095
42101,"Philadelphia County, PA",3.5,1.9,58,16,0.09,0.08,19,8,2,22,10.5,.,.,0.04,,42101
42111,"Somerset County, PA",.,.,.,.,0.07,0.067,.,.,.,.,.,.,.,.,,42111
42117,"Tioga County, PA",.,.,10,2,0.07,0.068,.,.,.,.,.,.,.,.,,42117
42123,"Warren County, PA",.,.,.,.,.,.,.,10,1,.,.,.,.,.,,42123
42125,"Washington County, PA",.,.,36,6,0.08,0.07,28,7,1,19,9.4,.,.,.,,42125
42129,"Westmoreland County, PA",.,.,.,.,0.08,0.072,.,.,.,20,9.7,.,.,.,,42129
42133,"York County, PA",1.4,0.9,.,.,0.09,0.073,18,5,1,21,9.2,.,.,.,,42133
44003,"Kent County, RI",.,.,.,.,0.09,0.075,.,.,.,15,5.3,.,.,.,,44003
44007,"Providence County, RI",3,1.8,56,20,0.09,0.071,6,2,0,20,9.3,39,15,.,,44007
44009,"Washington County, RI",.,.,.,.,0.09,0.071,.,.,.,14,5,.,.,.,,44009
45001,"Abbeville County, SC",.,.,.,.,0.07,0.062,.,.,.,.,.,.,.,.,,45001
45003,"Aiken County, SC",.,.,.,.,0.07,0.062,.,.,.,.,.,.,.,.,,45003
45007,"Anderson County, SC",.,.,.,.,0.07,0.062,.,.,.,.,.,.,.,.,,45007
45015,"Berkeley County, SC",.,.,.,.,0.06,0.058,.,.,.,.,.,.,.,.,,45015
45019,"Charleston County, SC",.,.,.,.,.,.,10,4,0,.,.,66,16,.,,45019
45021,"Cherokee County, SC",.,.,.,.,0.07,.,.,.,.,.,.,.,.,.,,45021
45025,"Chesterfield County, SC",.,.,.,.,0.07,0.063,.,.,.,.,.,.,.,.,,45025
45029,"Colleton County, SC",.,.,.,.,0.07,0.057,.,.,.,.,.,.,.,.,,45029
45031,"Darlington County, SC",.,.,.,.,0.07,0.063,.,.,.,.,.,.,.,.,,45031
45037,"Edgefield County, SC",.,.,.,.,0.07,0.062,.,.,.,24,9.2,.,.,.,,45037
45041,"Florence County, SC",.,.,.,.,.,.,.,.,.,19,8.2,.,.,.,,45041
45045,"Greenville County, SC",.,.,.,8,0.08,0.066,2,1,0,31,9.6,116,15,.,,45045
45073,"Oconee County, SC",.,.,.,.,0.08,0.067,3,1,0,.,.,.,.,.,,45073
45077,"Pickens County, SC",.,.,.,.,0.07,0.067,.,.,.,.,.,.,.,.,,45077
45079,"Richland County, SC",1.1,0.9,.,.,0.08,0.07,3,1,0,20,8.1,72,15,0,,45079
45083,"Spartanburg County, SC",.,.,.,.,0.09,0.069,.,.,.,.,.,.,.,.,,45083
45091,"York County, SC",.,.,.,.,0.08,0.066,.,.,.,.,.,.,.,.,,45091
46011,"Brookings County, SD",.,.,.,.,0.07,0.061,.,.,.,12,4.5,53,15,.,,46011
46013,"Brown County, SD",.,.,.,.,.,.,.,.,.,14,6,65,20,.,,46013
46029,"Codington County, SD",.,.,.,.,.,.,.,.,.,13,5.1,94,22,.,,46029
46033,"Custer County, SD",.,.,.,.,0.07,0.06,.,.,.,10,1.9,36,7,.,,46033
46065,"Hughes County, SD",.,.,.,.,.,.,.,.,.,11,4.3,.,.,.,,46065
46071,"Jackson County, SD",.,.,4,0,0.07,0.06,2,1,1,9,2.5,33,9,.,,46071
46093,"Meade County, SD",.,.,.,.,0.07,0.058,.,.,.,.,.,69,13,.,,46093
46099,"Minnehaha County, SD",1.2,0.7,35,4,0.08,0.066,4,1,0,16,6.6,54,18,.,,46099
46103,"Pennington County, SD",.,.,38,7,.,.,1,1,0,19,6.2,106,31,.,,46103
46127,"Union County, SD",.,.,16,2,0.07,0.06,3,2,0,17,5.8,.,.,.,,46127
47001,"Anderson County, TN",.,.,.,.,0.08,0.066,5,3,1,.,.,.,.,.,,47001
47009,"Blount County, TN",2.2,1.2,5,1,0.08,0.07,2,1,0,37,8.9,.,.,.,,47009
47025,"Claiborne County, TN",.,.,.,.,0.07,0.064,.,.,.,.,.,.,.,.,,47025
47037,"Davidson County, TN",1.7,1.5,54,16,0.09,0.068,2,1,0,18,9.3,34,18,.,,47037
47041,"DeKalb County, TN",.,.,.,.,0.07,0.063,.,.,.,.,.,.,.,.,,47041
47065,"Hamilton County, TN",.,.,.,.,0.08,0.069,.,.,.,16,9,.,.,.,,47065
47089,"Jefferson County, TN",.,.,.,.,0.08,0.068,.,.,.,.,.,.,.,.,,47089
47093,"Knox County, TN",.,.,.,.,0.08,0.07,.,.,.,64,11.5,.,.,0.13,,47093
47099,"Lawrence County, TN",.,.,.,.,.,.,.,.,.,13,6.7,.,.,.,,47099
47105,"Loudon County, TN",.,.,.,.,0.08,0.073,.,.,.,25,9.8,.,.,.,,47105
47107,"McMinn County, TN",.,.,.,.,.,.,.,.,.,28,8.9,.,.,.,,47107
47119,"Maury County, TN",.,.,.,.,.,.,.,.,.,14,6.9,.,.,.,,47119
47125,"Montgomery County, TN",.,.,.,.,.,.,.,.,.,15,7.8,.,.,.,,47125
47141,"Putnam County, TN",.,.,.,.,.,.,.,.,.,18,7.6,.,.,.,,47141
47145,"Roane County, TN",.,.,.,.,.,.,.,.,.,17,8.4,.,.,.,,47145
47155,"Sevier County, TN",.,.,.,.,0.08,0.07,.,.,.,.,.,.,.,.,,47155
47157,"Shelby County, TN",1.4,1.2,36,10,0.09,0.071,.,.,.,16,7.9,.,.,.,,47157
47163,"Sullivan County, TN",1.3,0.9,.,.,0.08,0.068,.,.,.,18,7.9,.,.,0,,47163
47165,"Sumner County, TN",.,.,.,.,0.08,0.068,.,.,.,16,7.9,.,.,.,,47165
47187,"Williamson County, TN",.,.,.,.,0.08,0.061,.,.,.,.,.,.,.,.,,47187
47189,"Wilson County, TN",.,.,.,.,0.08,0.067,.,.,.,.,.,.,.,.,,47189
48027,"Bell County, TX",.,.,.,.,0.08,0.066,.,.,.,.,.,.,.,.,,48027
48029,"Bexar County, TX",0.9,0.7,42,8,0.09,0.071,7,3,1,16,7.9,47,20,.,,48029
48039,"Brazoria County, TX",.,.,31,4,0.09,0.069,.,.,.,.,.,.,.,.,,48039
48043,"Brewster County, TX",.,.,.,.,0.07,0.061,.,.,.,.,.,.,.,.,,48043
48061,"Cameron County, TX",1.2,0.7,.,.,0.07,0.055,.,.,.,26,9.6,.,.,0,,48061
48085,"Collin County, TX",.,.,.,.,0.09,0.073,.,.,.,.,.,.,.,0.01,,48085
48113,"Dallas County, TX",1.4,1.1,45,9,0.09,0.069,4,1,0,17,8.5,.,.,.,,48113
48121,"Denton County, TX",.,.,30,5,0.09,0.076,.,.,.,.,.,.,.,.,,48121
48139,"Ellis County, TX",.,.,34,4,0.07,0.06,5,1,0,18,8.3,.,.,.,,48139
48141,"El Paso County, TX",4.1,2.4,60,15,0.11,0.071,8,2,1,25,9.6,58,27,0.01,,48141
48167,"Galveston County, TX",.,.,31,3,0.09,0.074,23,4,1,19,6.5,38,18,.,,48167
48183,"Gregg County, TX",.,.,23,4,0.08,0.065,33,6,1,.,.,.,.,.,,48183
48201,"Harris County, TX",2.2,1.6,54,14,0.11,0.079,12,3,0,23,9.7,81,30,0,,48201
48203,"Harrison County, TX",.,.,16,2,0.07,0.059,.,.,.,16,8.7,33,16,.,,48203
48215,"Hidalgo County, TX",.,.,.,.,0.07,0.052,.,.,.,30,10.4,63,27,.,,48215
48221,"Hood County, TX",.,.,.,.,0.07,0.063,.,.,.,.,.,.,.,.,,48221
48231,"Hunt County, TX",.,.,25,4,0.07,0.058,.,.,.,.,.,.,.,.,,48231
48245,"Jefferson County, TX",0.6,0.4,30,5,0.09,0.069,73,13,1,.,.,.,.,.,,48245
48251,"Johnson County, TX",.,.,.,.,0.09,0.072,.,.,.,.,.,.,.,.,,48251
48257,"Kaufman County, TX",.,.,26,2,0.07,0.057,8,2,0,.,.,.,.,.,,48257
48309,"McLennan County, TX",0.4,0.3,27,3,0.07,0.06,4,1,0,.,.,.,.,.,,48309
48339,"Montgomery County, TX",.,.,27,3,0.09,0.071,.,.,.,.,.,.,.,.,,48339
48349,"Navarro County, TX",.,.,22,2,0.07,0.06,20,4,1,.,.,.,.,.,,48349
48355,"Nueces County, TX",.,.,.,.,0.07,0.062,3,2,1,27,9.1,45,20,.,,48355
48361,"Orange County, TX",.,.,31,4,0.07,0.058,.,.,.,.,.,.,.,.,,48361
48367,"Parker County, TX",.,.,.,.,0.08,0.068,.,.,.,.,.,.,.,.,,48367
48373,"Polk County, TX",.,.,.,.,0.07,0.056,.,.,.,.,.,.,.,.,,48373
48375,"Potter County, TX",.,.,.,.,.,.,17,2,0,.,.,.,.,0,,48375
48381,"Randall County, TX",.,.,.,.,0.07,0.064,.,.,.,.,.,.,.,.,,48381
48397,"Rockwall County, TX",.,.,.,.,0.08,0.061,.,.,.,.,.,.,.,.,,48397
48423,"Smith County, TX",.,.,17,2,0.08,0.063,.,.,.,.,.,.,.,.,,48423
48439,"Tarrant County, TX",1.6,1.1,45,12,0.09,0.075,.,.,.,19,8.5,45,16,.,,48439
48453,"Travis County, TX",0.8,0.6,47,14,0.08,0.064,4,1,0,.,.,72,23,.,,48453
48469,"Victoria County, TX",.,.,.,.,0.07,0.064,.,.,.,.,.,.,.,.,,48469
48479,"Webb County, TX",2.6,1.6,.,.,0.06,0.05,.,.,.,.,.,54,20,0.01,,48479
49003,"Box Elder County, UT",.,.,.,.,0.08,0.067,.,.,.,.,.,.,.,.,,49003
49005,"Cache County, UT",.,.,.,.,0.07,0.062,.,.,.,.,.,.,.,.,,49005
49007,"Carbon County, UT",.,.,.,.,0.07,0.067,.,.,.,.,.,.,.,.,,49007
49011,"Davis County, UT",.,.,.,.,0.1,0.076,.,.,.,38,8,.,.,.,,49011
49013,"Duchesne County, UT",.,.,29,4,0.11,0.085,.,.,.,23,5.9,.,.,.,,49013
49035,"Salt Lake County, UT",3,1.3,48,7,0.1,0.076,.,.,.,43,9.4,67,19,0.05,,49035
49037,"San Juan County, UT",.,.,.,.,0.07,0.064,.,.,.,.,.,.,.,.,,49037
49045,"Tooele County, UT",.,.,.,.,0.1,0.072,.,.,.,.,.,.,.,.,,49045
49047,"Uintah County, UT",.,.,20,3,0.12,0.096,.,.,.,.,.,.,.,.,,49047
49049,"Utah County, UT",2.2,1.3,60,15,0.1,0.072,.,.,.,39,8.3,66,20,.,,49049
49053,"Washington County, UT",.,.,.,.,0.07,0.064,.,.,.,8,3.9,38,13,.,,49053
49057,"Weber County, UT",2.2,1.6,.,15,0.09,0.073,.,.,.,39,9.2,62,20,.,,49057
50003,"Bennington County, VT",.,.,.,.,0.08,0.067,.,.,.,12,5,.,.,.,,50003
50007,"Chittenden County, VT",0.9,0.7,.,6,0.07,0.06,2,1,0,13,5.5,.,.,.,,50007
50021,"Rutland County, VT",1.5,0.7,32,7,0.07,0.063,2,1,0,25,6.8,.,.,.,,50021
51003,"Albemarle County, VA",.,.,.,.,0.08,0.062,.,.,.,15,6.5,.,.,.,,51003
51009,"Amherst County, VA",.,.,.,.,.,.,.,.,.,.,.,.,.,0.03,,51009
51013,"Arlington County, VA",3.7,1.6,44,11,0.09,0.072,.,.,.,19,7.5,.,.,.,,51013
51033,"Caroline County, VA",.,.,.,.,0.07,0.062,.,.,.,.,.,.,.,.,,51033
51035,"Carroll County, VA",.,.,.,.,.,.,.,.,.,.,.,31,13,.,,51035
51036,"Charles County, VA",.,.,44,3,0.08,0.065,24,5,0,14,6.5,.,.,.,,51036
51041,"Chesterfield County, VA",.,.,.,.,0.08,0.063,.,.,.,15,7.4,.,.,.,,51041
51059,"Fairfax County, VA",1.1,1,.,.,0.09,0.073,5,3,0,17,6.7,22,13,.,,51059
51061,"Fauquier County, VA",.,.,.,.,0.07,0.063,.,.,.,.,.,.,.,.,,51061
51069,"Frederick County, VA",.,.,.,.,0.07,0.065,.,.,.,18,7.4,.,.,.,,51069
51071,"Giles County, VA",.,.,.,.,0.07,0.062,.,.,.,.,.,.,.,.,,51071
51085,"Hanover County, VA",.,.,.,.,0.08,0.065,.,.,.,.,.,.,.,.,,51085
51087,"Henrico County, VA",1.4,1.2,.,7,0.09,0.066,5,2,0,15,7.2,25,13,.,,51087
51107,"Loudoun County, VA",.,.,35,7,0.08,0.068,.,.,.,16,7.1,.,.,.,,51107
51113,"Madison County, VA",.,.,.,.,0.08,0.066,.,.,.,.,.,.,.,.,,51113
51147,"Prince Edward County, VA",.,.,.,.,0.07,0.06,.,.,.,.,.,.,.,.,,51147
51153,"Prince William County, VA",.,.,27,5,0.08,0.067,.,.,.,.,.,.,.,.,,51153
51161,"Roanoke County, VA",1.1,0.7,37,6,0.07,0.064,4,1,0,.,.,.,.,.,,51161
51163,"Rockbridge County, VA",.,.,.,.,0.07,0.06,.,.,.,.,.,.,.,.,,51163
51165,"Rockingham County, VA",.,.,35,8,0.08,0.062,2,1,0,18,7.4,.,.,.,,51165
51179,"Stafford County, VA",.,.,.,.,0.08,0.066,.,.,.,.,.,.,.,.,,51179
51197,"Wythe County, VA",.,.,.,.,0.07,0.062,.,.,.,.,.,.,.,.,,51197
51510,"Alexandria City, VA",2.5,1.5,.,.,.,.,.,.,.,.,.,23,12,.,,51510
51520,"Bristol City, VA",.,.,.,.,.,.,.,.,.,25,8,.,.,.,,51520
51630,"Fredericksburg City, VA",.,.,.,.,.,.,.,.,.,.,.,21,12,.,,51630
51650,"Hampton City, VA",1,0.7,27,3,0.07,0.068,.,.,.,13,6.1,.,.,.,,51650
51670,"Hopewell City, VA",.,.,.,.,.,.,.,.,.,.,.,23,12,.,,51670
51680,"Lynchburg City, VA",.,.,.,.,.,.,.,.,.,13,6.8,.,.,.,,51680
51710,"Norfolk City, VA",1.2,0.7,39,7,.,.,9,3,0,13,6.6,23,13,.,,51710
51760,"Richmond City, VA",1.7,1.2,44,12,.,.,.,.,.,18,8.5,.,.,.,,51760
51770,"Roanoke City, VA",.,.,.,.,.,.,.,.,.,.,.,.,.,0.01,,51770
51775,"Salem City, VA",.,.,.,.,.,.,.,.,.,15,7.6,.,.,.,,51775
51800,"Suffolk City, VA",.,.,.,.,0.08,0.063,.,.,.,.,.,.,.,.,,51800
51810,"Virginia Beach City, VA",.,.,.,.,.,.,.,.,.,15,6.7,.,.,.,,51810
51840,"Winchester City, VA",.,.,.,.,.,.,.,.,.,.,.,24,12,.,,51840
53005,"Benton County, WA",.,.,.,.,0.08,0.068,.,.,.,.,.,71,15,.,,53005
53009,"Clallam County, WA",0.4,0.2,.,.,0.06,0.051,.,.,.,.,.,.,.,.,,53009
53011,"Clark County, WA",.,.,.,.,0.07,0.055,.,.,.,.,.,.,.,.,,53011
53033,"King County, WA",1.9,1.4,49,21,0.08,0.061,.,.,.,18,6.5,.,.,.,,53033
53035,"Kitsap County, WA",.,.,.,.,.,.,.,.,.,10,4.2,.,.,.,,53035
53053,"Pierce County, WA",.,.,46,17,0.06,0.058,.,.,.,59,7.9,.,.,.,,53053
53057,"Skagit County, WA",.,.,21,4,0.07,0.054,4,2,0,.,.,.,.,.,,53057
53061,"Snohomish County, WA",.,.,.,.,.,.,.,.,.,31,6.4,.,.,.,,53061
53063,"Spokane County, WA",2.7,1.8,.,.,0.07,0.056,.,.,.,.,.,70,18,.,,53063
53065,"Stevens County, WA",.,.,.,.,.,.,.,.,.,.,.,93,17,.,,53065
53067,"Thurston County, WA",.,.,.,.,0.07,0.058,.,.,.,.,.,.,.,.,,53067
53073,"Whatcom County, WA",.,.,.,.,0.06,0.045,.,.,.,.,.,.,.,.,,53073
53077,"Yakima County, WA",.,.,.,.,.,.,.,.,.,31,8.6,46,16,.,,53077
54003,"Berkeley County, WV",.,.,.,.,0.08,0.064,.,.,.,22,8.6,.,.,.,,54003
54009,"Brooke County, WV",1,0.7,.,.,.,.,49,20,3,22,9.1,39,18,.,,54009
54011,"Cabell County, WV",.,.,.,.,0.08,0.065,5,2,1,24,9.6,.,.,0.01,,54011
54021,"Gilmer County, WV",.,.,.,.,0.07,0.062,.,.,.,.,.,.,.,.,,54021
54025,"Greenbrier County, WV",.,.,.,.,0.07,0.062,.,.,.,.,.,.,.,.,,54025
54029,"Hancock County, WV",0.9,0.5,.,.,0.07,0.067,48,11,3,21,8,42,13,.,,54029
54033,"Harrison County, WV",.,.,.,.,.,.,.,.,.,17,7.5,.,.,.,,54033
54039,"Kanawha County, WV",1.5,0.8,.,.,0.08,0.069,7,3,.,16,8,.,.,.,,54039
54051,"Marshall County, WV",.,.,.,.,.,.,8,4,2,22,9,.,.,.,,54051
54061,"Monongalia County, WV",.,.,.,.,0.07,0.059,9,3,1,16,7.4,.,.,.,,54061
54069,"Ohio County, WV",.,.,.,.,0.08,0.069,.,.,.,16,8.2,.,.,.,,54069
54093,"Tucker County, WV",.,.,.,.,0.08,0.065,.,.,.,.,.,.,.,.,,54093
54107,"Wood County, WV",.,.,.,.,0.08,0.067,18,6,2,14,7.9,.,.,.,,54107
55003,"Ashland County, WI",.,.,.,.,0.07,0.062,.,.,.,12,3.9,.,.,.,,55003
55009,"Brown County, WI",.,.,.,.,0.08,0.068,13,4,1,19,6.9,.,.,.,,55009
55021,"Columbia County, WI",.,.,.,.,0.08,0.07,.,.,.,.,.,.,.,.,,55021
55025,"Dane County, WI",.,.,.,.,0.07,0.066,1,0,0,19,8.1,34,14,.,,55025
55027,"Dodge County, WI",0.7,0.4,.,.,0.07,0.068,2,1,0,19,7.2,23,10,.,,55027
55029,"Door County, WI",.,.,.,.,0.09,0.077,.,.,.,.,.,.,.,.,,55029
55035,"Eau Claire County, WI",.,.,.,.,0.07,0.064,.,.,.,16,6.1,.,.,.,,55035
55039,"Fond du Lac County, WI",.,.,.,.,0.08,0.066,.,.,.,.,.,.,.,.,,55039
55041,"Forest County, WI",.,.,.,.,0.07,0.065,3,3,0,.,.,.,.,.,,55041
55055,"Jefferson County, WI",.,.,.,.,0.08,0.071,.,.,.,.,.,.,.,.,,55055
55059,"Kenosha County, WI",.,.,.,.,0.1,0.08,.,.,.,17,7.3,.,.,.,,55059
55061,"Kewaunee County, WI",.,.,.,.,0.09,0.072,.,.,.,.,.,.,.,.,,55061
55063,"La Crosse County, WI",.,.,.,.,0.07,0.063,.,.,.,16,6.2,.,.,.,,55063
55071,"Manitowoc County, WI",.,.,.,.,0.1,0.074,.,.,.,.,.,.,.,.,,55071
55073,"Marathon County, WI",.,.,.,.,0.07,0.068,.,.,.,.,.,.,.,.,,55073
55079,"Milwaukee County, WI",1,0.8,49,14,0.1,0.077,6,4,1,22,8.3,48,17,.,,55079
55085,"Oneida County, WI",.,.,.,.,.,.,129,52,3,.,.,.,.,.,,55085
55087,"Outagamie County, WI",.,.,.,.,0.08,0.066,.,.,.,21,6.7,.,.,.,,55087
55089,"Ozaukee County, WI",.,.,.,.,0.1,0.079,.,.,.,.,.,.,.,.,,55089
55101,"Racine County, WI",.,.,.,.,0.1,0.076,.,.,.,.,.,.,.,.,,55101
55105,"Rock County, WI",.,.,.,.,0.09,0.072,.,.,.,.,.,.,.,.,,55105
55111,"Sauk County, WI",.,.,.,.,0.07,0.066,.,.,.,27,6.9,26,9,.,,55111
55117,"Sheboygan County, WI",.,.,.,.,0.11,0.085,.,.,.,.,.,.,.,0.05,,55117
55119,"Taylor County, WI",.,.,.,.,0.07,0.064,.,.,.,15,5.2,.,.,.,,55119
55125,"Vilas County, WI",.,.,.,.,0.07,0.063,.,.,.,.,.,.,.,.,,55125
55127,"Walworth County, WI",.,.,.,.,0.08,0.072,.,.,.,.,.,.,.,.,,55127
55133,"Waukesha County, WI",.,.,.,.,0.08,0.067,.,.,.,19,8,31,15,.,,55133
56001,"Albany County, WY",.,.,.,.,0.07,0.064,.,.,.,11,4.1,114,29,.,,56001
56005,"Campbell County, WY",.,.,29,4,0.07,0.06,14,3,0,14,4.3,154,29,.,,56005
56007,"Carbon County, WY",.,.,32,5,0.07,0.06,13,12,6,.,.,.,.,.,,56007
56009,"Converse County, WY",.,.,35,2,0.07,0.06,.,.,.,10,2.7,92,26,.,,56009
56013,"Fremont County, WY",.,.,5,1,0.07,0.062,.,.,.,22,7,30,14,.,,56013
56015,"Goshen County, WY",.,.,.,4,0.07,0.059,2,1,0,11,3.7,85,26,.,,56015
56021,"Laramie County, WY",0.3,0.2,33,4,0.07,0.061,3,1,0,13,4.5,26,12,.,,56021
56023,"Lincoln County, WY",.,.,.,.,.,.,.,.,.,.,.,55,15,.,,56023
56025,"Natrona County, WY",.,.,39,5,0.07,0.061,21,7,1,10,4.3,39,14,.,,56025
56029,"Park County, WY",.,.,.,.,.,.,.,.,.,27,4.3,44,10,.,,56029
56031,"Platte County, WY",.,.,.,.,.,.,.,.,.,.,.,66,21,.,,56031
56033,"Sheridan County, WY",.,.,.,.,0.07,0.059,.,.,.,23,6.4,54,17,.,,56033
56035,"Sublette County, WY",.,.,19,3,0.08,0.065,.,.,.,13,4.6,36,6,.,,56035
56037,"Sweetwater County, WY",.,.,30,4,0.07,0.064,35,10,3,17,5.2,94,27,.,,56037
56039,"Teton County, WY",0.6,0.4,.,.,0.07,0.06,.,.,.,.,.,39,13,.,,56039
56041,"Uinta County, WY",.,.,12,2,0.07,0.06,.,.,.,.,.,41,9,.,,56041
56045,"Weston County, WY",.,.,.,.,0.07,0.06,4,3,1,.,.,.,.,.,,56045
72013,"Arecibo Municipio, PR",.,.,.,.,.,.,.,.,.,.,.,.,.,0.07,,72013
72021,"Bayamon Municipio, PR",6.6,6.2,.,.,0.15,.,.,.,.,.,.,.,.,.,,72021
72033,"Catano Municipio, PR",.,.,.,.,0.13,0.033,.,.,.,.,.,67,21,.,,72033
72059,"Guayanilla Municipio, PR",.,.,.,.,.,.,.,.,.,17,6.3,.,.,.,,72059
72061,"Guaynabo Municipio, PR",4.4,0.9,24,8,.,.,.,.,.,21,8.2,.,.,.,,72061
72077,"Juncos Municipio, PR",.,.,.,.,0.19,0.064,.,.,.,.,.,.,.,.,,72077
72113,"Ponce Municipio, PR",6.6,1.7,.,.,.,.,.,.,.,16,7.1,78,26,.,,72113
72127,"San Juan Municipio, PR",19.2,3.2,.,.,.,.,.,.,.,.,.,.,.,.,,72127
